Player,Runs,Balls_Faced,Fours,Sixes,Not_Outs,Dismissals,Batting_Average,Strike_Rate,Wickets,Overs_Bowled,Runs_Conceded,Economy,Bowling_Strike_Rate,Bowling_Average,Catches,Stumpings,Run_Outs,Matches_Played
A Badoni,634.0,505.0,46.0,24.0,False,26.0,24.38,125.54,2.0,4.0,37.0,9.25,12.0,18.5,13.0,0.0,1.0,49
A Kamboj,2.0,2.0,0.0,0.0,True,0.0,2.0,NA,2.0,9.0,115.0,12.78,27.0,57.5,3.0,0.0,0.0,4
A Manohar,231.0,181.0,21.0,10.0,False,14.0,16.5,127.62,NA,NA,NA,NA,NA,NA,10.0,0.0,1.0,22
A Mishra,19.0,30.0,2.0,0.0,False,1.0,19.0,NA,14.0,14.0,280.0,20.0,6.0,20.0,1.0,0.0,1.0,12
A Nortje,42.0,45.0,6.0,0.0,False,4.0,10.5,NA,39.0,19.0,1085.0,57.11,2.92,27.82,5.0,0.0,0.0,34
A Raghuvanshi,163.0,109.0,16.0,8.0,False,7.0,23.29,149.54,NA,NA,NA,NA,NA,NA,4.0,0.0,0.0,10
A Tomar,4.0,8.0,1.0,0.0,False,1.0,4.0,NA,NA,NA,NA,NA,NA,NA,NA,NA,NA,1
A Zampa,10.0,17.0,0.0,0.0,False,3.0,3.33,NA,9.0,17.0,189.0,11.12,11.33,21.0,NA,NA,NA,8
AA Kulkarni,9.0,8.0,2.0,0.0,False,2.0,4.5,NA,NA,NA,NA,NA,NA,NA,NA,NA,NA,2
AB de Villiers,313.0,215.0,23.0,16.0,False,11.0,28.45,145.58,NA,NA,NA,NA,NA,NA,15.0,0.0,0.0,21
AD Russell,967.0,630.0,65.0,80.0,False,33.0,29.3,153.49,58.0,18.0,948.0,52.67,1.86,16.34,12.0,0.0,1.0,78
AF Milne,16.0,19.0,0.0,1.0,False,2.0,8.0,NA,4.0,10.0,154.0,15.4,15.0,38.5,2.0,0.0,0.0,8
AJ Finch,86.0,70.0,10.0,3.0,False,6.0,14.33,122.86,NA,NA,NA,NA,NA,NA,1.0,0.0,0.0,6
AJ Hosein,16.0,11.0,1.0,1.0,True,0.0,16.0,NA,1.0,4.0,41.0,10.25,24.0,41.0,NA,NA,NA,1
AJ Turner,21.0,20.0,0.0,2.0,False,2.0,10.5,NA,NA,NA,NA,NA,NA,NA,NA,NA,NA,2
AK Markram,995.0,787.0,73.0,35.0,False,33.0,30.15,126.43,2.0,13.0,173.0,13.31,39.0,86.5,24.0,0.0,0.0,61
AM Rahane,709.0,533.0,63.0,27.0,False,31.0,22.87,133.02,NA,NA,NA,NA,NA,NA,12.0,0.0,2.0,38
AR Patel,740.0,573.0,54.0,36.0,False,27.0,27.41,129.14,44.0,17.0,1322.0,77.76,2.32,30.05,30.0,0.0,0.0,83
AS Joseph,12.0,19.0,1.0,0.0,False,1.0,12.0,NA,16.0,18.0,618.0,34.33,6.75,38.62,3.0,0.0,1.0,23
AS Roy,26.0,24.0,3.0,0.0,False,3.0,8.67,NA,5.0,11.0,180.0,16.36,13.2,36.0,5.0,0.0,1.0,16
AT Rayudu,689.0,520.0,51.0,41.0,False,29.0,23.76,132.5,NA,NA,NA,NA,NA,NA,8.0,0.0,1.0,44
AU Rashid,22.0,17.0,2.0,1.0,False,2.0,11.0,NA,2.0,6.0,91.0,15.17,18.0,45.5,NA,NA,NA,3
Abdul Basith,1.0,1.0,0.0,0.0,True,0.0,1.0,NA,NA,NA,NA,NA,NA,NA,NA,NA,NA,1
Abdul Samad,466.0,340.0,29.0,30.0,False,26.0,17.92,137.06,1.0,2.0,17.0,8.5,12.0,17.0,22.0,0.0,0.0,46
Abhishek Sharma,1234.0,821.0,118.0,65.0,False,47.0,26.26,150.3,8.0,12.0,283.0,23.58,9.0,35.38,14.0,0.0,0.0,67
Abishek Porel,360.0,244.0,37.0,15.0,False,16.0,22.5,147.54,NA,NA,NA,NA,NA,NA,6.0,0.0,1.0,16
Akash Deep,19.0,12.0,2.0,1.0,False,2.0,9.5,NA,8.0,16.0,324.0,20.25,12.0,40.5,2.0,0.0,0.0,10
Akash Madhwal,4.0,5.0,0.0,0.0,True,0.0,4.0,NA,22.0,18.0,431.0,23.94,4.91,19.59,1.0,0.0,0.0,13
Aman Hakim Khan,115.0,109.0,8.0,6.0,False,9.0,12.78,105.5,0.0,1.0,13.0,13.0,NA,NA,9.0,0.0,0.0,15
Anmolpreet Singh,139.0,117.0,19.0,3.0,False,9.0,15.44,118.8,NA,NA,NA,NA,NA,NA,1.0,0.0,0.0,9
Anuj Rawat,318.0,276.0,26.0,14.0,False,14.0,22.71,115.22,NA,NA,NA,NA,NA,NA,18.0,0.0,2.0,32
Arjun Tendulkar,13.0,9.0,0.0,1.0,False,1.0,13.0,NA,4.0,8.0,117.0,14.62,12.0,29.25,NA,NA,NA,5
Arshad Khan,96.0,67.0,5.0,6.0,False,4.0,24.0,143.28,6.0,12.0,282.0,23.5,12.0,47.0,2.0,0.0,0.0,11
Arshad Khan (2),5.0,4.0,1.0,0.0,False,1.0,5.0,NA,0.0,2.0,25.0,12.5,NA,NA,NA,NA,NA,2
Arshdeep Singh,29.0,39.0,4.0,0.0,False,4.0,7.25,NA,70.0,20.0,1761.0,88.05,1.71,25.16,7.0,0.0,0.0,62
Ashutosh Sharma,189.0,118.0,10.0,15.0,False,8.0,23.62,160.17,NA,NA,NA,NA,NA,NA,2.0,0.0,0.0,11
Atharva Taide,247.0,177.0,27.0,8.0,False,8.0,30.88,139.55,0.0,1.0,4.0,4.0,NA,NA,5.0,0.0,0.0,11
Avesh Khan,37.0,22.0,2.0,3.0,False,1.0,37.0,NA,76.0,20.0,1709.0,85.45,1.58,22.49,6.0,0.0,0.0,59
Azmatullah Omarzai,42.0,34.0,2.0,2.0,False,4.0,10.5,NA,4.0,6.0,194.0,32.33,9.0,48.5,NA,NA,NA,11
B Indrajith,21.0,31.0,2.0,0.0,False,3.0,7.0,NA,NA,NA,NA,NA,NA,NA,1.0,0.0,1.0,5
B Kumar,123.0,139.0,13.0,0.0,False,10.0,12.3,88.49,49.0,15.0,1718.0,114.53,1.84,35.06,5.0,0.0,1.0,72
B Sai Sudharsan,1034.0,770.0,95.0,32.0,False,21.0,49.24,134.29,NA,NA,NA,NA,NA,NA,3.0,0.0,0.0,27
BA Stokes,15.0,18.0,2.0,0.0,False,3.0,5.0,NA,0.0,2.0,30.0,15.0,NA,NA,3.0,0.0,0.0,3
BR Sharath,2.0,5.0,0.0,0.0,False,1.0,2.0,NA,NA,NA,NA,NA,NA,NA,1.0,0.0,0.0,2
C Green,707.0,472.0,62.0,32.0,False,20.0,35.35,149.79,20.0,20.0,675.0,33.75,6.0,33.75,10.0,0.0,1.0,47
C Sakariya,20.0,31.0,3.0,0.0,False,5.0,4.0,NA,20.0,17.0,610.0,35.88,5.1,30.5,6.0,0.0,0.0,24
CA Lynn,49.0,36.0,4.0,3.0,False,2.0,24.5,NA,NA,NA,NA,NA,NA,NA,2.0,0.0,0.0,1
CH Gayle,193.0,160.0,21.0,8.0,False,11.0,17.55,120.62,NA,NA,NA,NA,NA,NA,3.0,0.0,0.0,11
CH Morris,67.0,53.0,2.0,5.0,False,5.0,13.4,126.42,17.0,16.0,396.0,24.75,5.65,23.29,4.0,0.0,0.0,14
CJ Jordan,49.0,43.0,1.0,3.0,False,5.0,9.8,NA,10.0,17.0,480.0,28.24,10.2,48.0,5.0,0.0,0.0,19
CR Woakes,15.0,11.0,2.0,0.0,True,0.0,15.0,NA,5.0,5.0,85.0,17.0,6.0,17.0,NA,NA,NA,3
CV Varun,15.0,33.0,2.0,0.0,True,0.0,15.0,NA,67.0,20.0,1650.0,82.5,1.79,24.63,9.0,0.0,1.0,59
D Brevis,230.0,176.0,17.0,16.0,False,10.0,23.0,130.68,1.0,1.0,8.0,8.0,6.0,8.0,4.0,0.0,0.0,15
D Ferreira,8.0,11.0,0.0,0.0,False,2.0,4.0,NA,NA,NA,NA,NA,NA,NA,3.0,0.0,0.0,5
D Padikkal,1086.0,925.0,119.0,34.0,False,49.0,22.16,117.41,NA,NA,NA,NA,NA,NA,20.0,0.0,2.0,60
D Pretorius,44.0,28.0,3.0,3.0,False,4.0,11.0,NA,7.0,12.0,242.0,20.17,10.29,34.57,3.0,0.0,0.0,12
D Wiese,21.0,11.0,0.0,3.0,False,1.0,21.0,NA,0.0,3.0,38.0,12.67,NA,NA,3.0,0.0,0.0,4
DA Miller,1074.0,796.0,81.0,47.0,False,29.0,37.03,134.92,NA,NA,NA,NA,NA,NA,26.0,0.0,2.0,62
DA Warner,1313.0,1028.0,153.0,41.0,False,36.0,36.47,127.72,NA,NA,NA,NA,NA,NA,20.0,0.0,0.0,54
DG Nalkande,12.0,12.0,0.0,1.0,False,2.0,6.0,NA,6.0,10.0,150.0,15.0,10.0,25.0,2.0,0.0,0.0,8
DJ Bravo,70.0,48.0,4.0,5.0,False,4.0,17.5,NA,32.0,15.0,567.0,37.8,2.81,17.72,5.0,0.0,0.0,29
DJ Hooda,840.0,665.0,64.0,32.0,False,42.0,20.0,126.32,3.0,13.0,209.0,16.08,26.0,69.67,29.0,0.0,1.0,66
DJ Malan,26.0,26.0,1.0,1.0,False,1.0,26.0,NA,NA,NA,NA,NA,NA,NA,1.0,0.0,0.0,2
DJ Mitchell,351.0,274.0,28.0,10.0,False,13.0,27.0,128.1,1.0,5.0,97.0,19.4,30.0,97.0,11.0,0.0,0.0,21
DJ Willey,53.0,64.0,7.0,0.0,False,3.0,17.67,82.81,5.0,12.0,181.0,15.08,14.4,36.2,2.0,0.0,0.0,10
DL Chahar,2.0,3.0,0.0,0.0,True,0.0,2.0,NA,34.0,17.0,957.0,56.29,3.0,28.15,6.0,0.0,0.0,35
DP Conway,924.0,669.0,100.0,30.0,False,20.0,46.2,138.12,NA,NA,NA,NA,NA,NA,8.0,0.0,1.0,26
DR Sams,44.0,46.0,1.0,3.0,False,9.0,4.89,NA,15.0,16.0,414.0,25.88,6.4,27.6,8.0,0.0,0.0,26
DT Christian,14.0,24.0,1.0,0.0,False,4.0,3.5,NA,4.0,11.0,156.0,14.18,16.5,39.0,9.0,0.0,0.0,14
Dhruv Jurel,347.0,237.0,29.0,16.0,False,13.0,26.69,146.41,NA,NA,NA,NA,NA,NA,12.0,0.0,0.0,28
E Lewis,224.0,156.0,26.0,10.0,False,8.0,28.0,143.59,NA,NA,NA,NA,NA,NA,3.0,0.0,0.0,13
EJG Morgan,133.0,142.0,8.0,6.0,False,12.0,11.08,93.66,NA,NA,NA,NA,NA,NA,9.0,0.0,1.0,20
F du Plessis,2269.0,1607.0,217.0,93.0,False,58.0,39.12,141.19,NA,NA,NA,NA,NA,NA,27.0,0.0,1.0,79
FA Allen,14.0,19.0,1.0,0.0,False,2.0,7.0,NA,2.0,10.0,136.0,13.6,30.0,68.0,2.0,0.0,0.0,7
Fazalhaq Farooqi,3.0,13.0,0.0,0.0,True,0.0,3.0,NA,6.0,14.0,229.0,16.36,14.0,38.17,1.0,0.0,0.0,9
G Coetzee,14.0,22.0,0.0,1.0,False,4.0,3.5,NA,13.0,16.0,357.0,22.31,7.38,27.46,1.0,0.0,0.0,15
GD Phillips,65.0,55.0,3.0,6.0,False,7.0,9.29,118.18,2.0,4.0,40.0,10.0,12.0,20.0,3.0,0.0,0.0,13
GHS Garton,2.0,4.0,0.0,0.0,False,1.0,2.0,NA,3.0,10.0,136.0,13.6,20.0,45.33,1.0,0.0,0.0,7
GJ Maxwell,1266.0,828.0,114.0,69.0,False,42.0,30.14,152.9,21.0,18.0,525.0,29.17,5.14,25.0,17.0,0.0,2.0,78
Gulbadin Naib,19.0,15.0,1.0,1.0,False,1.0,19.0,NA,0.0,1.0,12.0,12.0,NA,NA,1.0,0.0,0.0,2
H Klaasen,927.0,555.0,51.0,63.0,False,21.0,44.14,167.03,NA,NA,NA,NA,NA,NA,11.0,3.0,4.0,32
HC Brook,190.0,159.0,23.0,4.0,False,9.0,21.11,119.5,NA,NA,NA,NA,NA,NA,3.0,0.0,0.0,13
HE van der Dussen,22.0,25.0,2.0,0.0,False,2.0,11.0,NA,NA,NA,NA,NA,NA,NA,0.0,0.0,1.0,4
HH Pandya,1176.0,911.0,103.0,43.0,False,42.0,28.0,129.09,25.0,20.0,856.0,42.8,4.8,34.24,17.0,0.0,2.0,85
HR Shokeen,66.0,67.0,9.0,0.0,False,3.0,22.0,98.51,5.0,14.0,320.0,22.86,16.8,64.0,5.0,0.0,0.0,16
HV Patel,121.0,115.0,11.0,6.0,False,15.0,8.07,105.22,101.0,17.0,1835.0,107.94,1.01,18.17,12.0,0.0,3.0,72
Harbhajan Singh,4.0,4.0,0.0,0.0,True,0.0,4.0,NA,0.0,4.0,63.0,15.75,NA,NA,1.0,0.0,0.0,3
Harpreet Brar,213.0,187.0,17.0,8.0,False,12.0,17.75,113.9,25.0,20.0,818.0,40.9,4.8,32.72,14.0,0.0,0.0,55
Harpreet Singh,103.0,93.0,10.0,3.0,False,4.0,25.75,110.75,NA,NA,NA,NA,NA,NA,1.0,0.0,0.0,5
Harshit Rana,2.0,3.0,0.0,0.0,False,2.0,1.0,NA,27.0,20.0,590.0,29.5,4.44,21.85,5.0,0.0,0.0,22
I Sharma,2.0,9.0,0.0,0.0,True,0.0,2.0,NA,23.0,15.0,574.0,38.27,3.91,24.96,2.0,0.0,1.0,21
Ishan Kishan,1433.0,1084.0,155.0,55.0,False,51.0,28.1,132.2,NA,NA,NA,NA,NA,NA,35.0,3.0,9.0,77
J Fraser-McGurk,330.0,150.0,32.0,28.0,False,8.0,41.25,220.0,NA,NA,NA,NA,NA,NA,5.0,0.0,1.0,12
J Suchith,16.0,14.0,2.0,1.0,False,2.0,8.0,NA,8.0,12.0,207.0,17.25,9.0,25.88,7.0,0.0,0.0,12
J Yadav,34.0,26.0,2.0,1.0,False,2.0,17.0,NA,3.0,12.0,157.0,13.08,24.0,52.33,3.0,0.0,0.0,8
JA Richardson,17.0,27.0,2.0,0.0,False,3.0,5.67,NA,3.0,9.0,162.0,18.0,18.0,54.0,1.0,0.0,0.0,5
JC Archer,4.0,4.0,0.0,0.0,True,0.0,4.0,NA,2.0,12.0,202.0,16.83,36.0,101.0,NA,NA,NA,6
JC Buttler,1868.0,1333.0,189.0,84.0,False,47.0,39.74,140.14,NA,NA,NA,NA,NA,NA,24.0,0.0,3.0,61
JD Unadkat,133.0,103.0,10.0,6.0,False,6.0,22.17,129.13,21.0,20.0,772.0,38.6,5.71,36.76,1.0,0.0,1.0,35
JDS Neesham,31.0,29.0,3.0,0.0,False,3.0,10.33,NA,5.0,8.0,97.0,12.12,9.6,19.4,1.0,0.0,0.0,9
JE Root,10.0,15.0,1.0,0.0,False,1.0,10.0,NA,0.0,2.0,15.0,7.5,NA,NA,2.0,0.0,0.0,2
JJ Bumrah,28.0,38.0,3.0,0.0,False,4.0,7.0,NA,59.0,20.0,1155.0,57.75,2.03,19.58,4.0,0.0,0.0,53
JJ Roy,435.0,321.0,57.0,13.0,False,13.0,33.46,135.51,NA,NA,NA,NA,NA,NA,5.0,0.0,0.0,16
JM Bairstow,799.0,556.0,87.0,38.0,False,28.0,28.54,143.71,NA,NA,NA,NA,NA,NA,12.0,1.0,3.0,39
JM Sharma,730.0,501.0,53.0,45.0,False,32.0,22.81,145.71,NA,NA,NA,NA,NA,NA,25.0,4.0,5.0,54
JO Holder,155.0,131.0,4.0,13.0,False,14.0,11.07,118.32,36.0,20.0,937.0,46.85,3.33,26.03,9.0,0.0,0.0,42
JP Behrendorff,6.0,9.0,0.0,0.0,True,0.0,6.0,NA,17.0,14.0,395.0,28.21,4.94,23.24,2.0,0.0,0.0,12
JR Hazlewood,19.0,29.0,1.0,0.0,True,0.0,19.0,NA,35.0,15.0,758.0,50.53,2.57,21.66,1.0,0.0,0.0,28
K Gowtham,61.0,46.0,2.0,5.0,False,5.0,12.2,NA,8.0,14.0,249.0,17.79,10.5,31.12,12.0,0.0,0.0,20
K Kartikeya,9.0,13.0,1.0,0.0,False,2.0,4.5,NA,10.0,14.0,334.0,23.86,8.4,33.4,1.0,0.0,0.0,14
K Rabada,81.0,72.0,7.0,4.0,False,7.0,11.57,112.5,57.0,19.0,1507.0,79.32,2.0,26.44,13.0,0.0,0.0,57
K Yadav,0.0,4.0,0.0,0.0,True,0.0,0.0,NA,2.0,8.0,85.0,10.62,24.0,42.5,NA,NA,NA,4
KA Jamieson,65.0,55.0,5.0,3.0,False,3.0,21.67,118.18,9.0,14.0,271.0,19.36,9.33,30.11,2.0,0.0,0.0,12
KA Maharaj,1.0,2.0,0.0,0.0,False,1.0,1.0,NA,2.0,5.0,39.0,7.8,15.0,19.5,1.0,0.0,0.0,3
KA Pollard,389.0,326.0,22.0,25.0,False,20.0,19.45,119.33,10.0,12.0,225.0,18.75,7.2,22.5,13.0,0.0,1.0,38
KD Karthik,1019.0,661.0,89.0,56.0,False,37.0,27.54,154.16,NA,NA,NA,NA,NA,NA,27.0,7.0,4.0,75
KH Pandya,647.0,560.0,49.0,21.0,False,36.0,17.97,115.54,31.0,20.0,1114.0,55.7,3.87,35.94,24.0,0.0,1.0,86
KK Ahmed,1.0,4.0,0.0,0.0,False,3.0,0.33,NA,48.0,18.0,1342.0,74.56,2.25,27.96,3.0,0.0,1.0,42
KK Nair,16.0,18.0,1.0,0.0,False,2.0,8.0,NA,NA,NA,NA,NA,NA,NA,1.0,0.0,1.0,4
KL Nagarkoti,0.0,2.0,0.0,0.0,False,1.0,0.0,NA,0.0,4.0,54.0,13.5,NA,NA,5.0,0.0,0.0,6
KL Rahul,2036.0,1582.0,166.0,83.0,False,42.0,48.48,128.7,NA,NA,NA,NA,NA,NA,39.0,2.0,2.0,73
KM Asif,0.0,2.0,0.0,0.0,False,1.0,0.0,NA,4.0,13.0,157.0,12.08,19.5,39.25,1.0,0.0,0.0,6
KM Jadhav,67.0,65.0,3.0,2.0,False,4.0,16.75,103.08,NA,NA,NA,NA,NA,NA,3.0,0.0,0.0,9
KR Mayers,379.0,276.0,38.0,22.0,False,13.0,29.15,137.32,0.0,4.0,59.0,14.75,NA,NA,2.0,0.0,0.0,15
KR Sen,0.0,3.0,0.0,0.0,True,0.0,0.0,NA,14.0,17.0,396.0,23.29,7.29,28.29,3.0,0.0,0.0,13
KS Bharat,199.0,168.0,12.0,8.0,False,7.0,28.43,118.45,NA,NA,NA,NA,NA,NA,5.0,1.0,0.0,12
KS Sharma,16.0,25.0,1.0,0.0,False,3.0,5.33,NA,NA,NA,NA,NA,NA,NA,NA,NA,NA,3
KS Williamson,513.0,512.0,50.0,10.0,False,18.0,28.5,100.2,NA,NA,NA,NA,NA,NA,18.0,0.0,1.0,38
KV Sharma,34.0,21.0,2.0,3.0,False,4.0,8.5,NA,18.0,10.0,485.0,48.5,3.33,26.94,5.0,0.0,0.0,19
Kartik Tyagi,9.0,10.0,1.0,0.0,False,3.0,3.0,NA,6.0,18.0,348.0,19.33,18.0,58.0,1.0,0.0,0.0,14
Kuldeep Yadav,126.0,148.0,11.0,3.0,False,6.0,21.0,85.14,47.0,15.0,1162.0,77.47,1.91,24.72,7.0,0.0,0.0,53
Kumar Kushagra,3.0,7.0,0.0,0.0,False,3.0,1.0,NA,NA,NA,NA,NA,NA,NA,1.0,0.0,0.0,4
L Wood,9.0,3.0,0.0,1.0,True,0.0,9.0,NA,1.0,5.0,94.0,18.8,30.0,94.0,NA,NA,NA,3
LB Williams,1.0,2.0,0.0,0.0,True,0.0,1.0,NA,1.0,4.0,74.0,18.5,24.0,74.0,1.0,0.0,0.0,3
LH Ferguson,24.0,18.0,2.0,1.0,False,3.0,8.0,NA,41.0,19.0,1017.0,53.53,2.78,24.8,9.0,0.0,1.0,35
LS Livingstone,869.0,561.0,60.0,61.0,False,30.0,28.97,154.9,11.0,12.0,382.0,31.83,6.55,34.73,12.0,0.0,0.0,55
Lalit Yadav,305.0,301.0,27.0,7.0,False,15.0,20.33,101.33,11.0,17.0,430.0,25.29,9.27,39.09,15.0,0.0,1.0,38
Liton Das,4.0,4.0,1.0,0.0,False,1.0,4.0,NA,NA,NA,NA,NA,NA,NA,NA,NA,NA,1
M Ashwin,27.0,38.0,2.0,1.0,False,4.0,6.75,NA,10.0,15.0,386.0,25.73,9.0,38.6,NA,NA,NA,17
M Jansen,66.0,71.0,5.0,2.0,False,8.0,8.25,92.96,22.0,15.0,732.0,48.8,4.09,33.27,13.0,0.0,0.0,28
M Markande,21.0,14.0,2.0,1.0,True,0.0,21.0,NA,21.0,12.0,646.0,53.83,3.43,30.76,4.0,0.0,0.0,22
M Prasidh Krishna,6.0,13.0,0.0,0.0,False,1.0,6.0,NA,33.0,20.0,921.0,46.05,3.64,27.91,5.0,0.0,1.0,29
M Shahrukh Khan,553.0,413.0,35.0,37.0,False,25.0,22.12,133.9,0.0,2.0,16.0,8.0,NA,NA,20.0,0.0,1.0,46
M Theekshana,7.0,7.0,0.0,1.0,False,1.0,7.0,NA,25.0,17.0,814.0,47.88,4.08,32.56,4.0,0.0,0.0,29
M Vohra,71.0,63.0,7.0,4.0,False,6.0,11.83,112.7,NA,NA,NA,NA,NA,NA,NA,NA,NA,6
MA Agarwal,971.0,769.0,102.0,31.0,False,38.0,25.55,126.27,NA,NA,NA,NA,NA,NA,23.0,0.0,1.0,52
MA Starc,9.0,11.0,1.0,0.0,False,2.0,4.5,NA,20.0,13.0,450.0,34.62,3.9,22.5,5.0,0.0,0.0,18
MA Wood,11.0,5.0,1.0,1.0,False,1.0,11.0,NA,11.0,11.0,142.0,12.91,6.0,12.91,2.0,0.0,0.0,4
MC Henriques,31.0,32.0,0.0,1.0,False,3.0,10.33,NA,4.0,7.0,47.0,6.71,10.5,11.75,1.0,0.0,0.0,8
MD Shanaka,26.0,26.0,2.0,1.0,False,2.0,13.0,NA,NA,NA,NA,NA,NA,NA,2.0,0.0,0.0,4
MG Bracewell,58.0,49.0,6.0,1.0,False,2.0,29.0,NA,6.0,6.0,95.0,15.83,6.0,15.83,1.0,0.0,0.0,8
MJ Santner,38.0,52.0,4.0,0.0,False,5.0,7.6,73.08,10.0,16.0,281.0,17.56,9.6,28.1,4.0,0.0,2.0,19
MJ Suthar,1.0,2.0,0.0,0.0,False,1.0,1.0,NA,0.0,2.0,26.0,13.0,NA,NA,NA,NA,NA,2
MK Lomror,440.0,311.0,28.0,27.0,False,25.0,17.6,141.48,2.0,9.0,100.0,11.11,27.0,50.0,10.0,0.0,0.0,44
MK Pandey,582.0,512.0,47.0,17.0,False,23.0,25.3,113.67,NA,NA,NA,NA,NA,NA,15.0,0.0,0.0,30
MM Ali,853.0,650.0,74.0,44.0,False,36.0,23.69,131.23,26.0,15.0,591.0,39.4,3.46,22.73,16.0,0.0,2.0,68
MM Sharma,2.0,17.0,0.0,0.0,False,2.0,1.0,NA,47.0,17.0,790.0,46.47,2.17,16.81,8.0,0.0,1.0,29
MP Stoinis,1041.0,743.0,85.0,57.0,False,37.0,28.14,140.11,16.0,15.0,431.0,28.73,5.62,26.94,14.0,0.0,0.0,66
MR Marsh,440.0,330.0,39.0,24.0,False,19.0,23.16,133.33,17.0,16.0,377.0,23.56,5.65,22.18,3.0,0.0,0.0,31
MS Dhoni,611.0,454.0,50.0,36.0,False,23.0,26.57,134.58,NA,NA,NA,NA,NA,NA,39.0,3.0,6.0,70
MS Wade,161.0,152.0,23.0,2.0,False,10.0,16.1,105.92,NA,NA,NA,NA,NA,NA,8.0,1.0,1.0,18
MW Short,117.0,99.0,15.0,4.0,False,6.0,19.5,118.18,0.0,3.0,25.0,8.33,NA,NA,5.0,0.0,0.0,8
Mandeep Singh,47.0,54.0,6.0,1.0,False,7.0,6.71,87.04,NA,NA,NA,NA,NA,NA,2.0,0.0,0.0,9
Mayank Dagar,0.0,1.0,0.0,0.0,True,0.0,0.0,NA,2.0,13.0,205.0,15.77,39.0,102.5,3.0,0.0,0.0,9
Mohammad Nabi,69.0,53.0,5.0,4.0,False,7.0,9.86,130.19,4.0,12.0,196.0,16.33,18.0,49.0,12.0,0.0,0.0,17
Mohammed Shami,18.0,25.0,1.0,0.0,False,3.0,6.0,NA,69.0,18.0,1423.0,79.06,1.57,20.62,7.0,0.0,1.0,50
Mohammed Siraj,63.0,70.0,6.0,3.0,False,5.0,12.6,90.0,55.0,19.0,1793.0,94.37,2.07,32.6,16.0,0.0,1.0,65
Mohit Rathee,1.0,2.0,0.0,0.0,True,0.0,1.0,NA,0.0,2.0,29.0,14.5,NA,NA,NA,NA,NA,1
Mohsin Khan,25.0,27.0,2.0,1.0,False,2.0,12.5,NA,27.0,19.0,698.0,36.74,4.22,25.85,2.0,0.0,0.0,28
Mujeeb Ur Rahman,1.0,1.0,0.0,0.0,True,0.0,1.0,NA,2.0,4.0,30.0,7.5,12.0,15.0,NA,NA,NA,1
Mukesh Choudhary,6.0,6.0,1.0,0.0,True,0.0,6.0,NA,16.0,15.0,452.0,30.13,5.62,28.25,3.0,0.0,0.0,16
Mukesh Kumar,10.0,20.0,0.0,0.0,False,1.0,10.0,NA,31.0,19.0,707.0,37.21,3.68,22.81,4.0,0.0,1.0,22
Mustafizur Rahman,12.0,20.0,0.0,1.0,True,0.0,12.0,NA,42.0,19.0,1099.0,57.84,2.71,26.17,2.0,0.0,0.0,36
N Jagadeesan,129.0,124.0,17.0,2.0,False,7.0,18.43,104.03,NA,NA,NA,NA,NA,NA,1.0,0.0,0.0,8
N Pooran,1248.0,818.0,80.0,88.0,False,37.0,33.73,152.57,NA,NA,NA,NA,NA,NA,24.0,4.0,4.0,67
N Rana,1199.0,922.0,107.0,60.0,False,41.0,29.24,130.04,3.0,10.0,110.0,11.0,20.0,36.67,13.0,0.0,1.0,59
N Wadhera,350.0,261.0,32.0,18.0,False,15.0,23.33,134.1,0.0,2.0,13.0,6.5,NA,NA,6.0,0.0,1.0,18
NM Coulter-Nile,5.0,7.0,0.0,0.0,False,2.0,2.5,NA,7.0,14.0,180.0,12.86,12.0,25.71,1.0,0.0,0.0,9
NT Ellis,19.0,26.0,0.0,1.0,False,4.0,4.75,NA,19.0,17.0,514.0,30.24,5.37,27.05,2.0,0.0,0.0,20
Naman Dhir,140.0,84.0,12.0,10.0,False,6.0,23.33,166.67,0.0,4.0,55.0,13.75,NA,NA,3.0,0.0,1.0,11
Navdeep Saini,4.0,7.0,0.0,0.0,False,2.0,2.0,NA,6.0,12.0,166.0,13.83,12.0,27.67,3.0,0.0,0.0,6
Naveen-ul-Haq,18.0,26.0,2.0,0.0,False,2.0,9.0,NA,26.0,17.0,602.0,35.41,3.92,23.15,6.0,0.0,0.0,19
Nithish Kumar Reddy,303.0,221.0,15.0,21.0,False,9.0,33.67,137.1,4.0,9.0,208.0,23.11,13.5,52.0,6.0,0.0,1.0,20
Noor Ahmad,13.0,18.0,2.0,0.0,False,4.0,3.25,NA,24.0,15.0,672.0,44.8,3.75,28.0,6.0,0.0,0.0,28
OC McCoy,8.0,5.0,0.0,1.0,True,0.0,8.0,NA,11.0,12.0,255.0,21.25,6.55,23.18,1.0,0.0,0.0,8
OF Smith,51.0,50.0,1.0,5.0,False,3.0,17.0,102.0,7.0,11.0,179.0,16.27,9.43,25.57,2.0,0.0,0.0,12
P Dubey,16.0,20.0,2.0,0.0,False,1.0,16.0,NA,1.0,3.0,19.0,6.33,18.0,19.0,NA,NA,NA,2
P Simran Singh,725.0,495.0,75.0,40.0,False,32.0,22.66,146.46,NA,NA,NA,NA,NA,NA,2.0,0.0,0.0,32
PBB Rajapaksa,277.0,201.0,22.0,15.0,False,12.0,23.08,137.81,NA,NA,NA,NA,NA,NA,4.0,0.0,0.0,16
PD Salt,653.0,385.0,74.0,34.0,False,20.0,32.65,169.61,NA,NA,NA,NA,NA,NA,17.0,0.0,3.0,31
PJ Cummins,292.0,183.0,19.0,22.0,False,16.0,18.25,159.56,35.0,19.0,1027.0,54.05,3.26,29.34,10.0,0.0,1.0,42
PJ Sangwan,2.0,6.0,0.0,0.0,False,1.0,2.0,NA,3.0,7.0,66.0,9.43,14.0,22.0,1.0,0.0,0.0,4
PK Garg,140.0,131.0,7.0,5.0,False,10.0,14.0,106.87,NA,NA,NA,NA,NA,NA,3.0,0.0,0.0,11
PN Mankad,97.0,75.0,13.0,2.0,False,3.0,32.33,129.33,NA,NA,NA,NA,NA,NA,6.0,0.0,0.0,11
PP Chawla,40.0,39.0,2.0,2.0,False,7.0,5.71,NA,37.0,17.0,849.0,49.94,2.76,22.95,2.0,0.0,0.0,36
PP Shaw,1066.0,716.0,139.0,34.0,False,40.0,26.65,148.88,NA,NA,NA,NA,NA,NA,8.0,0.0,0.0,48
PVD Chameera,43.0,32.0,3.0,3.0,False,3.0,14.33,NA,11.0,17.0,442.0,26.0,9.27,40.18,2.0,0.0,0.0,20
PWH de Silva,72.0,80.0,7.0,1.0,False,11.0,6.55,90.0,36.0,17.0,758.0,44.59,2.83,21.06,1.0,0.0,2.0,35
Q de Kock,1198.0,908.0,115.0,47.0,False,40.0,29.95,131.94,NA,NA,NA,NA,NA,NA,21.0,4.0,4.0,58
R Ashwin,388.0,314.0,26.0,17.0,False,23.0,16.87,123.57,45.0,18.0,1679.0,93.28,2.4,37.31,12.0,0.0,0.0,80
R Dhawan,57.0,53.0,5.0,3.0,False,3.0,19.0,107.55,7.0,14.0,267.0,19.07,12.0,38.14,5.0,0.0,1.0,18
R Parag,927.0,695.0,61.0,52.0,False,37.0,25.05,133.38,3.0,10.0,159.0,15.9,20.0,53.0,31.0,0.0,1.0,65
R Powell,360.0,254.0,21.0,28.0,False,20.0,18.0,141.73,1.0,3.0,35.0,11.67,18.0,35.0,18.0,0.0,0.0,34
R Ravindra,222.0,146.0,22.0,12.0,False,9.0,24.67,152.05,0.0,2.0,7.0,3.5,NA,NA,8.0,0.0,1.0,16
R Sai Kishore,13.0,6.0,0.0,2.0,False,1.0,13.0,NA,13.0,14.0,259.0,18.5,6.46,19.92,4.0,0.0,0.0,11
R Sanjay Yadav,0.0,2.0,0.0,0.0,False,1.0,0.0,NA,0.0,2.0,23.0,11.5,NA,NA,NA,NA,NA,2
R Shepherd,115.0,68.0,7.0,10.0,False,6.0,19.17,169.12,6.0,14.0,260.0,18.57,14.0,43.33,NA,NA,NA,16
R Tewatia,647.0,508.0,60.0,27.0,False,30.0,21.57,127.36,9.0,11.0,433.0,39.36,7.33,48.11,21.0,0.0,1.0,69
RA Bawa,11.0,14.0,1.0,0.0,False,2.0,5.5,NA,NA,NA,NA,NA,NA,NA,NA,NA,NA,2
RA Jadeja,800.0,604.0,58.0,31.0,False,26.0,30.77,132.45,47.0,11.0,1402.0,127.45,1.4,29.83,33.0,0.0,0.0,86
RA Tripathi,1248.0,894.0,128.0,47.0,False,44.0,28.36,139.6,NA,NA,NA,NA,NA,NA,18.0,0.0,1.0,61
RD Chahar,112.0,110.0,11.0,5.0,False,14.0,8.0,101.82,45.0,15.0,1357.0,90.47,2.0,30.16,12.0,0.0,0.0,59
RD Gaikwad,2176.0,1608.0,201.0,85.0,False,53.0,41.06,135.32,NA,NA,NA,NA,NA,NA,32.0,0.0,0.0,74
RG Sharma,1398.0,1092.0,141.0,67.0,False,55.0,25.42,128.02,0.0,2.0,13.0,6.5,NA,NA,12.0,0.0,2.0,70
RJ Gleeson,2.0,2.0,0.0,0.0,True,0.0,2.0,NA,1.0,8.0,72.0,9.0,48.0,72.0,NA,NA,NA,3
RJW Topley,3.0,6.0,0.0,0.0,True,0.0,3.0,NA,5.0,11.0,182.0,16.55,13.2,36.4,1.0,0.0,0.0,6
RK Bhui,3.0,9.0,0.0,0.0,False,2.0,1.5,NA,NA,NA,NA,NA,NA,NA,NA,NA,NA,2
RK Singh,816.0,575.0,61.0,44.0,False,22.0,37.09,141.91,NA,NA,NA,NA,NA,NA,24.0,0.0,1.0,44
RM Patidar,799.0,534.0,51.0,54.0,False,24.0,33.29,149.63,NA,NA,NA,NA,NA,NA,8.0,0.0,0.0,30
RP Meredith,0.0,3.0,0.0,0.0,False,1.0,0.0,NA,21.0,20.0,621.0,31.05,5.71,29.57,2.0,0.0,0.0,19
RR Pant,1210.0,873.0,114.0,51.0,False,37.0,32.7,138.6,NA,NA,NA,NA,NA,NA,29.0,12.0,2.0,65
RR Rossouw,420.0,270.0,42.0,22.0,False,15.0,28.0,155.56,NA,NA,NA,NA,NA,NA,7.0,0.0,0.0,22
RV Patel,80.0,76.0,6.0,2.0,False,5.0,16.0,105.26,0.0,3.0,22.0,7.33,NA,NA,3.0,0.0,0.0,11
RV Uthappa,345.0,267.0,27.0,19.0,False,15.0,23.0,129.21,NA,NA,NA,NA,NA,NA,5.0,0.0,1.0,20
Rahmanullah Gurbaz,289.0,228.0,24.0,19.0,False,13.0,22.23,126.75,NA,NA,NA,NA,NA,NA,15.0,0.0,1.0,17
Ramandeep Singh,170.0,106.0,8.0,13.0,False,6.0,28.33,160.38,6.0,7.0,64.0,9.14,7.0,10.67,11.0,0.0,2.0,27
Rashid Khan,406.0,256.0,31.0,27.0,False,21.0,19.33,158.59,77.0,19.0,1755.0,92.37,1.48,22.79,24.0,0.0,1.0,87
Rasikh Salam,35.0,36.0,5.0,0.0,False,5.0,7.0,NA,9.0,15.0,299.0,19.93,10.0,33.22,1.0,0.0,0.0,14
Ravi Bishnoi,25.0,40.0,1.0,0.0,False,6.0,4.17,NA,54.0,17.0,1480.0,87.06,1.89,27.41,16.0,0.0,3.0,58
S Dhawan,1572.0,1275.0,177.0,44.0,False,42.0,37.43,123.29,NA,NA,NA,NA,NA,NA,26.0,0.0,0.0,61
S Dube,1333.0,935.0,80.0,89.0,False,39.0,34.18,142.57,1.0,7.0,107.0,15.29,42.0,107.0,16.0,0.0,0.0,60
S Gopal,16.0,12.0,2.0,1.0,False,1.0,16.0,NA,4.0,10.0,185.0,18.5,15.0,46.25,NA,NA,NA,9
S Kaul,8.0,8.0,1.0,0.0,True,0.0,8.0,NA,8.0,18.0,296.0,16.44,13.5,37.0,1.0,0.0,0.0,11
S Nadeem,0.0,1.0,0.0,0.0,False,1.0,0.0,NA,1.0,4.0,36.0,9.0,24.0,36.0,1.0,0.0,0.0,1
SA Abbott,7.0,5.0,0.0,1.0,False,1.0,7.0,NA,1.0,4.0,47.0,11.75,24.0,47.0,NA,NA,NA,2
SA Yadav,1570.0,985.0,164.0,72.0,False,46.0,34.13,159.39,NA,NA,NA,NA,NA,NA,18.0,0.0,0.0,56
SB Dubey,33.0,21.0,3.0,2.0,False,2.0,16.5,NA,NA,NA,NA,NA,NA,NA,NA,NA,NA,3
SD Hope,183.0,125.0,12.0,12.0,False,8.0,22.88,146.4,NA,NA,NA,NA,NA,NA,6.0,0.0,1.0,11
SE Rutherford,33.0,52.0,1.0,1.0,False,2.0,16.5,63.46,NA,NA,NA,NA,NA,NA,NA,NA,NA,2
SH Johnson,6.0,7.0,1.0,0.0,True,0.0,6.0,NA,4.0,10.0,155.0,15.5,15.0,38.75,1.0,0.0,0.0,8
SK Raina,160.0,133.0,13.0,9.0,False,7.0,22.86,120.3,NA,NA,NA,NA,NA,NA,7.0,0.0,0.0,13
SM Curran,602.0,473.0,49.0,22.0,False,24.0,25.08,127.27,37.0,19.0,1251.0,65.84,3.08,33.81,13.0,0.0,0.0,52
SN Khan,144.0,135.0,13.0,3.0,False,9.0,16.0,106.67,NA,NA,NA,NA,NA,NA,6.0,0.0,1.0,14
SN Thakur,259.0,186.0,22.0,12.0,False,18.0,14.39,139.25,50.0,20.0,1553.0,77.65,2.4,31.06,16.0,0.0,0.0,67
SO Hetmyer,968.0,651.0,61.0,63.0,False,27.0,35.85,148.69,NA,NA,NA,NA,NA,NA,22.0,0.0,1.0,60
SP Jackson,23.0,26.0,0.0,1.0,False,4.0,5.75,NA,NA,NA,NA,NA,NA,NA,5.0,2.0,0.0,8
SP Narine,642.0,411.0,61.0,45.0,False,35.0,18.34,156.2,57.0,18.0,1453.0,80.72,1.89,25.49,12.0,0.0,1.0,87
SPD Smith,152.0,136.0,13.0,2.0,False,6.0,25.33,111.76,NA,NA,NA,NA,NA,NA,10.0,0.0,1.0,14
SS Iyer,927.0,741.0,82.0,30.0,False,28.0,33.11,125.1,0.0,1.0,7.0,7.0,NA,NA,21.0,0.0,5.0,54
SS Prabhudessai,126.0,113.0,11.0,4.0,False,9.0,14.0,111.5,NA,NA,NA,NA,NA,NA,10.0,0.0,3.0,16
SS Tiwary,115.0,99.0,10.0,2.0,False,2.0,57.5,116.16,NA,NA,NA,NA,NA,NA,1.0,0.0,0.0,5
SV Samson,1835.0,1300.0,161.0,91.0,False,51.0,35.98,141.15,NA,NA,NA,NA,NA,NA,30.0,10.0,8.0,82
SW Billings,169.0,143.0,9.0,10.0,False,7.0,24.14,118.18,NA,NA,NA,NA,NA,NA,6.0,1.0,0.0,12
SZ Mulani,1.0,1.0,0.0,0.0,True,0.0,1.0,NA,0.0,5.0,57.0,11.4,NA,NA,NA,NA,NA,3
Sachin Baby,7.0,17.0,0.0,0.0,False,1.0,7.0,NA,NA,NA,NA,NA,NA,NA,NA,NA,NA,1
Sameer Rizvi,51.0,43.0,4.0,2.0,False,4.0,12.75,NA,NA,NA,NA,NA,NA,NA,4.0,0.0,0.0,8
Sandeep Sharma,10.0,14.0,1.0,0.0,True,0.0,10.0,NA,36.0,20.0,1072.0,53.6,3.33,29.78,9.0,0.0,1.0,38
Sanvir Singh,25.0,22.0,2.0,1.0,False,2.0,12.5,NA,NA,NA,NA,NA,NA,NA,3.0,0.0,0.0,5
Saurav Chauhan,18.0,16.0,1.0,1.0,False,3.0,6.0,NA,NA,NA,NA,NA,NA,NA,NA,NA,NA,3
Shahbaz Ahmed,535.0,466.0,28.0,25.0,False,29.0,18.45,114.81,19.0,17.0,805.0,47.35,5.37,42.37,19.0,0.0,2.0,69
Shakib Al Hasan,47.0,50.0,3.0,1.0,False,5.0,9.4,94.0,5.0,11.0,188.0,17.09,13.2,37.6,3.0,0.0,1.0,9
Shashank Singh,423.0,272.0,33.0,25.0,False,11.0,38.45,155.51,1.0,3.0,25.0,8.33,18.0,25.0,10.0,0.0,1.0,27
Shivam Mavi,28.0,29.0,2.0,2.0,False,4.0,7.0,NA,17.0,18.0,471.0,26.17,6.35,27.71,10.0,0.0,0.0,19
Shivam Singh,2.0,3.0,0.0,0.0,True,0.0,2.0,NA,NA,NA,NA,NA,NA,NA,2.0,0.0,0.0,1
Shubman Gill,2277.0,1666.0,223.0,71.0,False,59.0,38.59,136.67,NA,NA,NA,NA,NA,NA,20.0,0.0,0.0,72
Sikandar Raza,182.0,143.0,12.0,8.0,False,7.0,26.0,127.27,3.0,8.0,146.0,18.25,16.0,48.67,5.0,0.0,0.0,11
Simarjeet Singh,7.0,8.0,0.0,0.0,False,1.0,7.0,NA,10.0,15.0,265.0,17.67,9.0,26.5,3.0,0.0,0.0,13
Sumit Kumar,18.0,26.0,2.0,1.0,False,2.0,9.0,NA,0.0,4.0,38.0,9.5,NA,NA,1.0,0.0,2.0,7
Swapnil Singh,39.0,26.0,3.0,3.0,False,2.0,19.5,NA,6.0,9.0,151.0,16.78,9.0,25.17,2.0,0.0,1.0,15
T Kohler-Cadmore,48.0,54.0,7.0,1.0,False,3.0,16.0,88.89,NA,NA,NA,NA,NA,NA,1.0,0.0,0.0,3
T Shamsi,2.0,4.0,0.0,0.0,True,0.0,2.0,NA,0.0,4.0,34.0,8.5,NA,NA,NA,NA,NA,2
T Stubbs,405.0,239.0,26.0,26.0,False,9.0,45.0,169.46,4.0,4.0,29.0,7.25,6.0,7.25,7.0,0.0,1.0,23
TA Boult,71.0,67.0,5.0,2.0,False,4.0,17.75,105.97,61.0,18.0,1674.0,93.0,1.77,27.44,13.0,0.0,0.0,67
TG Southee,5.0,17.0,0.0,0.0,False,5.0,1.0,NA,23.0,15.0,458.0,30.53,3.91,19.91,5.0,0.0,0.0,20
TH David,659.0,417.0,38.0,46.0,False,23.0,28.65,158.03,NA,NA,NA,NA,NA,NA,22.0,0.0,1.0,47
TK Curran,21.0,17.0,2.0,0.0,False,1.0,21.0,NA,4.0,9.0,104.0,11.56,13.5,26.0,NA,NA,NA,4
TL Seifert,26.0,26.0,4.0,0.0,False,3.0,8.67,NA,NA,NA,NA,NA,NA,NA,1.0,0.0,0.0,4
TM Head,567.0,307.0,64.0,32.0,False,14.0,40.5,184.69,0.0,2.0,32.0,16.0,NA,NA,NA,NA,NA,15
TS Mills,0.0,3.0,0.0,0.0,False,1.0,0.0,NA,6.0,12.0,192.0,16.0,12.0,32.0,NA,NA,NA,7
TU Deshpande,0.0,3.0,0.0,0.0,True,0.0,0.0,NA,43.0,16.0,1082.0,67.62,2.23,25.16,5.0,0.0,0.0,33
Tanush Kotian,24.0,32.0,3.0,0.0,False,1.0,24.0,NA,NA,NA,NA,NA,NA,NA,0.0,0.0,1.0,2
Tilak Varma,1156.0,830.0,90.0,58.0,False,28.0,41.29,139.28,0.0,4.0,28.0,7.0,NA,NA,23.0,0.0,1.0,57
UT Yadav,86.0,76.0,5.0,5.0,False,7.0,12.29,113.16,26.0,16.0,755.0,47.19,3.69,29.04,7.0,0.0,0.0,36
Umran Malik,23.0,16.0,1.0,2.0,False,1.0,23.0,NA,31.0,16.0,785.0,49.06,3.1,25.32,4.0,0.0,1.0,30
V Kohli,2126.0,1623.0,202.0,71.0,False,55.0,38.65,130.99,NA,NA,NA,NA,NA,NA,38.0,0.0,3.0,83
V Shankar,461.0,362.0,36.0,20.0,False,22.0,20.95,127.35,5.0,9.0,115.0,12.78,10.8,23.0,11.0,0.0,2.0,36
V Viyaskanth,7.0,5.0,0.0,0.0,True,0.0,7.0,NA,1.0,6.0,90.0,15.0,36.0,90.0,2.0,0.0,0.0,3
VG Arora,9.0,17.0,0.0,0.0,False,2.0,4.5,NA,20.0,14.0,598.0,42.71,4.2,29.9,5.0,0.0,0.0,27
VR Iyer,1326.0,1000.0,121.0,61.0,False,43.0,30.84,132.6,3.0,10.0,145.0,14.5,20.0,48.33,18.0,0.0,2.0,68
Vijaykumar Vyshak,14.0,13.0,0.0,1.0,False,2.0,7.0,NA,17.0,13.0,396.0,30.46,4.59,23.29,4.0,0.0,0.0,13
Virat Singh,15.0,26.0,1.0,0.0,False,3.0,5.0,NA,NA,NA,NA,NA,NA,NA,2.0,0.0,0.0,2
Vishnu Vinod,37.0,32.0,2.0,2.0,False,3.0,12.33,NA,NA,NA,NA,NA,NA,NA,1.0,0.0,0.0,4
Vivrant Sharma,69.0,49.0,9.0,2.0,False,1.0,69.0,NA,0.0,3.0,37.0,12.33,NA,NA,NA,NA,NA,3
WD Parnell,2.0,6.0,0.0,0.0,False,1.0,2.0,NA,9.0,10.0,237.0,23.7,6.67,26.33,4.0,0.0,0.0,7
WG Jacks,230.0,133.0,16.0,18.0,False,6.0,38.33,172.93,2.0,6.0,100.0,16.67,18.0,50.0,3.0,0.0,0.0,13
WP Saha,955.0,827.0,112.0,23.0,False,43.0,22.21,115.48,NA,NA,NA,NA,NA,NA,31.0,6.0,10.0,62
Washington Sundar,192.0,187.0,17.0,3.0,False,15.0,12.8,102.67,13.0,19.0,577.0,30.37,8.77,44.38,4.0,0.0,0.0,32
YBK Jaiswal,1567.0,1051.0,197.0,62.0,False,46.0,34.07,149.1,0.0,1.0,6.0,6.0,NA,NA,17.0,0.0,2.0,57
YS Chahal,15.0,35.0,0.0,0.0,False,1.0,15.0,NA,89.0,17.0,1899.0,111.71,1.15,21.34,9.0,0.0,0.0,63
YV Dhull,16.0,23.0,1.0,0.0,False,3.0,5.33,NA,NA,NA,NA,NA,NA,NA,2.0,0.0,1.0,5
Yash Dayal,0.0,1.0,0.0,0.0,False,1.0,0.0,NA,31.0,19.0,933.0,49.11,3.68,30.1,5.0,0.0,1.0,29
Yudhvir Singh,22.0,16.0,1.0,2.0,False,4.0,5.5,NA,4.0,9.0,125.0,13.89,13.5,31.25,NA,NA,NA,6
Unknown,NA,NA,NA,NA,NA,NA,NA,NA,3.0,10.0,113.0,11.3,20.0,37.67,NA,NA,NA,0
Unknown,NA,NA,NA,NA,NA,NA,NA,NA,5.0,9.0,227.0,25.22,10.8,45.4,NA,NA,NA,0
Unknown,NA,NA,NA,NA,NA,NA,NA,NA,5.0,11.0,158.0,14.36,13.2,31.6,NA,NA,NA,0
Unknown,NA,NA,NA,NA,NA,NA,NA,NA,1.0,4.0,53.0,13.25,24.0,53.0,NA,NA,NA,0
Unknown,NA,NA,NA,NA,NA,NA,NA,NA,0.0,4.0,48.0,12.0,NA,NA,NA,NA,NA,0
Unknown,NA,NA,NA,NA,NA,NA,NA,NA,0.0,3.0,42.0,14.0,NA,NA,NA,NA,NA,0
Unknown,NA,NA,NA,NA,NA,NA,NA,NA,0.0,5.0,62.0,12.4,NA,NA,NA,NA,NA,0
Unknown,NA,NA,NA,NA,NA,NA,NA,NA,1.0,4.0,42.0,10.5,24.0,42.0,NA,NA,NA,0
Unknown,NA,NA,NA,NA,NA,NA,NA,NA,3.0,4.0,16.0,4.0,8.0,5.33,NA,NA,NA,0
Unknown,NA,NA,NA,NA,NA,NA,NA,NA,13.0,17.0,341.0,20.06,7.85,26.23,NA,NA,NA,0
Unknown,NA,NA,NA,NA,NA,NA,NA,NA,0.0,3.0,27.0,9.0,NA,NA,NA,NA,NA,0
Unknown,NA,NA,NA,NA,NA,NA,NA,NA,2.0,4.0,64.0,16.0,12.0,32.0,NA,NA,NA,0
Unknown,NA,NA,NA,NA,NA,NA,NA,NA,1.0,4.0,90.0,22.5,24.0,90.0,NA,NA,NA,0
Unknown,NA,NA,NA,NA,NA,NA,NA,NA,1.0,3.0,29.0,9.67,18.0,29.0,NA,NA,NA,0
Unknown,NA,NA,NA,NA,NA,NA,NA,NA,5.0,10.0,129.0,12.9,12.0,25.8,NA,NA,NA,0
Unknown,NA,NA,NA,NA,NA,NA,NA,NA,1.0,3.0,32.0,10.67,18.0,32.0,NA,NA,NA,0
Unknown,NA,NA,NA,NA,NA,NA,NA,NA,38.0,13.0,617.0,47.46,2.05,16.24,NA,NA,NA,0
Unknown,NA,NA,NA,NA,NA,NA,NA,NA,1.0,4.0,72.0,18.0,24.0,72.0,NA,NA,NA,0
Unknown,NA,NA,NA,NA,NA,NA,NA,NA,1.0,7.0,112.0,16.0,42.0,112.0,NA,NA,NA,0
Unknown,NA,NA,NA,NA,NA,NA,NA,NA,8.0,11.0,88.0,8.0,8.25,11.0,NA,NA,NA,0
Unknown,NA,NA,NA,NA,NA,NA,NA,NA,7.0,9.0,152.0,16.89,7.71,21.71,NA,NA,NA,0
Unknown,NA,NA,NA,NA,NA,NA,NA,NA,8.0,12.0,259.0,21.58,9.0,32.38,NA,NA,NA,0
Unknown,NA,NA,NA,NA,NA,NA,NA,NA,0.0,2.0,35.0,17.5,NA,NA,NA,NA,NA,0
Unknown,NA,NA,NA,NA,NA,NA,NA,NA,2.0,4.0,39.0,9.75,12.0,19.5,NA,NA,NA,0
Unknown,NA,NA,NA,NA,NA,NA,NA,NA,0.0,4.0,34.0,8.5,NA,NA,NA,NA,NA,0
Unknown,NA,NA,NA,NA,NA,NA,NA,NA,3.0,6.0,60.0,10.0,12.0,20.0,NA,NA,NA,0
Unknown,NA,NA,NA,NA,NA,NA,NA,NA,0.0,4.0,51.0,12.75,NA,NA,NA,NA,NA,0
Unknown,NA,NA,NA,NA,NA,NA,NA,NA,6.0,7.0,137.0,19.57,7.0,22.83,NA,NA,NA,0
Unknown,NA,NA,NA,NA,NA,NA,NA,NA,1.0,6.0,52.0,8.67,36.0,52.0,NA,NA,NA,0
Unknown,NA,NA,NA,NA,NA,NA,NA,NA,11.0,14.0,381.0,27.21,7.64,34.64,NA,NA,NA,0
Unknown,NA,NA,NA,NA,NA,NA,NA,NA,55.0,17.0,1365.0,80.29,1.85,24.82,NA,NA,NA,0
Unknown,NA,NA,NA,NA,NA,NA,NA,NA,2.0,4.0,36.0,9.0,12.0,18.0,NA,NA,NA,0
Unknown,NA,NA,NA,NA,NA,NA,NA,NA,2.0,5.0,53.0,10.6,15.0,26.5,NA,NA,NA,0
Unknown,NA,NA,NA,NA,NA,NA,NA,NA,27.0,18.0,702.0,39.0,4.0,26.0,NA,NA,NA,0
Unknown,NA,NA,NA,NA,NA,NA,NA,NA,NA,NA,NA,NA,NA,NA,1.0,0.0,0.0,0
Unknown,NA,NA,NA,NA,NA,NA,NA,NA,NA,NA,NA,NA,NA,NA,1.0,0.0,0.0,0
Unknown,NA,NA,NA,NA,NA,NA,NA,NA,NA,NA,NA,NA,NA,NA,1.0,0.0,0.0,0
Unknown,NA,NA,NA,NA,NA,NA,NA,NA,NA,NA,NA,NA,NA,NA,2.0,0.0,0.0,0
Unknown,NA,NA,NA,NA,NA,NA,NA,NA,NA,NA,NA,NA,NA,NA,5.0,0.0,0.0,0
Unknown,NA,NA,NA,NA,NA,NA,NA,NA,NA,NA,NA,NA,NA,NA,1.0,0.0,0.0,0
Unknown,NA,NA,NA,NA,NA,NA,NA,NA,NA,NA,NA,NA,NA,NA,1.0,0.0,0.0,0
Unknown,NA,NA,NA,NA,NA,NA,NA,NA,NA,NA,NA,NA,NA,NA,6.0,0.0,0.0,0
Unknown,NA,NA,NA,NA,NA,NA,NA,NA,NA,NA,NA,NA,NA,NA,1.0,0.0,0.0,0
Unknown,NA,NA,NA,NA,NA,NA,NA,NA,NA,NA,NA,NA,NA,NA,2.0,0.0,0.0,0
Unknown,NA,NA,NA,NA,NA,NA,NA,NA,NA,NA,NA,NA,NA,NA,1.0,0.0,1.0,0
Unknown,NA,NA,NA,NA,NA,NA,NA,NA,NA,NA,NA,NA,NA,NA,1.0,0.0,0.0,0
Unknown,NA,NA,NA,NA,NA,NA,NA,NA,NA,NA,NA,NA,NA,NA,1.0,0.0,0.0,0
Unknown,NA,NA,NA,NA,NA,NA,NA,NA,NA,NA,NA,NA,NA,NA,1.0,0.0,0.0,0
Unknown,NA,NA,NA,NA,NA,NA,NA,NA,NA,NA,NA,NA,NA,NA,0.0,0.0,1.0,0
Unknown,NA,NA,NA,NA,NA,NA,NA,NA,NA,NA,NA,NA,NA,NA,0.0,0.0,1.0,0
Unknown,NA,NA,NA,NA,NA,NA,NA,NA,NA,NA,NA,NA,NA,NA,1.0,0.0,0.0,0
Unknown,NA,NA,NA,NA,NA,NA,NA,NA,NA,NA,NA,NA,NA,NA,6.0,0.0,3.0,0
Unknown,NA,NA,NA,NA,NA,NA,NA,NA,NA,NA,NA,NA,NA,NA,1.0,0.0,1.0,0
Unknown,NA,NA,NA,NA,NA,NA,NA,NA,NA,NA,NA,NA,NA,NA,2.0,0.0,1.0,0
