bowler,venue,matches_played,total_runs_conceded,balls_bowled,economy,total_wickets,Bowling_Strike_Rate,Performance
A Badoni,"Brabourne Stadium, Mumbai",1,6,6,6.0,1,6.0,Excellent
A Badoni,"Punjab Cricket Association IS Bindra Stadium, Mohali",1,0,1,0.0,0,NA,Excellent
A Badoni,"Rajiv Gandhi International Stadium, Hyderabad",1,19,6,19.0,0,NA,Bad
A Badoni,"Sawai Mansingh Stadium, Jaipur",1,6,6,6.0,0,NA,Excellent
A Badoni,"Wankhede Stadium, Mumbai",1,6,6,6.0,1,6.0,Excellent
A Kamboj,"Eden Gardens, Kolkata",1,24,19,7.58,1,19.0,Good
A Kamboj,"Wankhede Stadium, Mumbai",2,91,49,11.14,1,49.0,Bad
A Mishra,"Bharat Ratna Shri Atal Bihari Vajpayee Ekana Cricket Stadium, Lucknow",4,74,66,6.73,6,11.0,Excellent
A Mishra,"M.Chinnaswamy Stadium, Bengaluru",1,18,12,9.0,1,12.0,Excellent
A Mishra,"Punjab Cricket Association IS Bindra Stadium, Mohali",1,23,12,11.5,0,NA,Bad
A Mishra,"Rajiv Gandhi International Stadium, Hyderabad",1,40,25,9.6,1,25.0,Poor
A Mishra,"Sawai Mansingh Stadium, Jaipur",1,16,12,8.0,0,NA,Average
A Nortje,"Arun Jaitley Stadium, Delhi",7,262,163,9.64,6,27.166666666666668,Poor
A Nortje,"Barsapara Cricket Stadium, Guwahati",1,44,24,11.0,0,NA,Bad
A Nortje,"Brabourne Stadium, Mumbai",1,36,27,8.0,1,27.0,Average
A Nortje,"Dr DY Patil Sports Academy, Mumbai",4,145,92,9.46,6,15.333333333333334,Good
A Nortje,Dr YS Rajasekhara Reddy Cricket Stadium (Visakhapatnam) ,1,45,25,10.8,0,NA,Bad
A Nortje,"Dr. Y.S. Rajasekhara Reddy ACA-VDCA Cricket Stadium, Visakhapatnam",1,59,26,13.62,3,8.666666666666666,Excellent
A Nortje,Himachal Pradesh Cricket Association Stadium (Dharamsala),1,37,24,9.25,3,8.0,Excellent
A Nortje,"M.Chinnaswamy Stadium, Bengaluru",1,34,27,7.56,0,NA,Good
A Nortje,"Narendra Modi Stadium, Ahmedabad",1,39,26,9.0,1,26.0,Poor
A Nortje,"Rajiv Gandhi International Stadium, Hyderabad",1,33,24,8.25,2,12.0,Excellent
A Nortje,"Sawai Mansingh Stadium, Jaipur",1,50,24,12.5,1,24.0,Poor
A Nortje,"Wankhede Stadium, Mumbai",2,103,52,11.88,4,13.0,Good
A Zampa,Himachal Pradesh Cricket Association Stadium (Dharamsala),1,26,24,6.5,1,24.0,Excellent
A Zampa,"MA Chidambaram Stadium, Chennai",1,43,25,10.32,1,25.0,Bad
A Zampa,"Narendra Modi Stadium, Ahmedabad",1,32,24,8.0,2,12.0,Excellent
A Zampa,"Sawai Mansingh Stadium, Jaipur",3,88,60,8.8,5,12.0,Excellent
AD Russell,"Arun Jaitley Stadium, Delhi",1,12,7,10.29,0,NA,Bad
AD Russell,"Bharat Ratna Shri Atal Bihari Vajpayee Ekana Cricket Stadium, Lucknow",1,18,15,7.2,2,7.5,Excellent
AD Russell,"Brabourne Stadium, Mumbai",3,69,38,10.89,4,9.5,Excellent
AD Russell,"Dr DY Patil Sports Academy, Mumbai",4,108,55,11.78,8,6.875,Excellent
AD Russell,"Dr. Y.S. Rajasekhara Reddy ACA-VDCA Cricket Stadium, Visakhapatnam",1,14,8,10.5,1,8.0,Excellent
AD Russell,"Eden Gardens, Kolkata",12,267,138,11.61,12,11.5,Excellent
AD Russell,"M.Chinnaswamy Stadium, Bengaluru",2,59,49,7.22,4,12.25,Good
AD Russell,"MA Chidambaram Stadium, Chennai",2,27,23,7.04,3,7.666666666666667,Excellent
AD Russell,"Maharashtra Cricket Association Stadium, Pune",3,53,51,6.24,5,10.2,Excellent
AD Russell,"Narendra Modi Stadium, Ahmedabad",1,15,9,10.0,1,9.0,Excellent
AD Russell,"Rajiv Gandhi International Stadium, Hyderabad",1,15,7,12.86,1,7.0,Excellent
AD Russell,"Wankhede Stadium, Mumbai",5,102,63,9.71,6,10.5,Excellent
AF Milne,"Wankhede Stadium, Mumbai",1,19,15,7.6,0,NA,Good
AJ Hosein,"Arun Jaitley Stadium, Delhi",1,41,24,10.25,1,24.0,Poor
AJ Tye,"Brabourne Stadium, Mumbai",1,42,25,10.08,3,8.333333333333334,Excellent
AJ Tye,"Dr DY Patil Sports Academy, Mumbai",2,71,44,9.68,0,NA,Poor
AK Markram,"Bharat Ratna Shri Atal Bihari Vajpayee Ekana Cricket Stadium, Lucknow",1,14,12,7.0,0,NA,Good
AK Markram,"Brabourne Stadium, Mumbai",1,11,6,11.0,0,NA,Bad
AK Markram,"Dr DY Patil Sports Academy, Mumbai",2,17,12,8.5,1,12.0,Excellent
AK Markram,"MA Chidambaram Stadium, Chennai",3,26,19,8.21,0,NA,Average
AK Markram,"Maharashtra Cricket Association Stadium, Pune",1,36,18,12.0,0,NA,Bad
AK Markram,"Narendra Modi Stadium, Ahmedabad",1,13,6,13.0,0,NA,Bad
AK Markram,"Rajiv Gandhi International Stadium, Hyderabad",2,32,24,8.0,1,24.0,Average
AK Markram,"Wankhede Stadium, Mumbai",1,1,1,6.0,0,NA,Excellent
AR Patel,"Arun Jaitley Stadium, Delhi",11,270,209,7.75,8,26.125,Good
AR Patel,"Barsapara Cricket Stadium, Guwahati",1,38,24,9.5,0,NA,Poor
AR Patel,"Bharat Ratna Shri Atal Bihari Vajpayee Ekana Cricket Stadium, Lucknow",2,65,48,8.12,1,48.0,Average
AR Patel,"Brabourne Stadium, Mumbai",3,84,66,7.64,2,33.0,Good
AR Patel,"Dr DY Patil Sports Academy, Mumbai",4,73,66,6.64,2,33.0,Excellent
AR Patel,Dr YS Rajasekhara Reddy Cricket Stadium (Visakhapatnam) ,1,20,18,6.67,1,18.0,Excellent
AR Patel,"Dr. Y.S. Rajasekhara Reddy ACA-VDCA Cricket Stadium, Visakhapatnam",1,19,6,19.0,0,NA,Bad
AR Patel,"Eden Gardens, Kolkata",1,25,24,6.25,2,12.0,Excellent
AR Patel,Himachal Pradesh Cricket Association Stadium (Dharamsala),1,27,18,9.0,1,18.0,Average
AR Patel,"M.Chinnaswamy Stadium, Bengaluru",2,49,36,8.17,1,36.0,Average
AR Patel,"MA Chidambaram Stadium, Chennai",1,27,24,6.75,2,12.0,Excellent
AR Patel,"Maharaja Yadavindra Singh International Cricket Stadium, Mullanpur",1,26,24,6.5,0,NA,Excellent
AR Patel,"Maharashtra Cricket Association Stadium, Pune",1,37,24,9.25,0,NA,Poor
AR Patel,"Narendra Modi Stadium, Ahmedabad",2,41,50,4.92,1,50.0,Excellent
AR Patel,"Rajiv Gandhi International Stadium, Hyderabad",1,21,24,5.25,2,12.0,Excellent
AR Patel,"Sawai Mansingh Stadium, Jaipur",1,21,24,5.25,1,24.0,Excellent
AR Patel,"Wankhede Stadium, Mumbai",6,164,129,7.63,4,32.25,Good
AS Joseph,"Arun Jaitley Stadium, Delhi",1,29,25,6.96,2,12.5,Excellent
AS Joseph,"Brabourne Stadium, Mumbai",2,85,49,10.41,2,24.5,Bad
AS Joseph,"Dr DY Patil Sports Academy, Mumbai",2,58,44,7.91,1,44.0,Good
AS Joseph,"Eden Gardens, Kolkata",1,27,12,13.5,0,NA,Bad
AS Joseph,"M.Chinnaswamy Stadium, Bengaluru",2,77,38,12.16,1,38.0,Bad
AS Joseph,"MA Chidambaram Stadium, Chennai",1,46,26,10.62,0,NA,Bad
AS Joseph,"Maharashtra Cricket Association Stadium, Pune",2,48,37,7.78,2,18.5,Good
AS Joseph,"Narendra Modi Stadium, Ahmedabad",4,113,72,9.42,4,18.0,Average
AS Joseph,"Punjab Cricket Association IS Bindra Stadium, Mohali",1,32,29,6.62,1,29.0,Excellent
AS Joseph,"Wankhede Stadium, Mumbai",3,103,67,9.22,3,22.33333333333333,Poor
AS Roy,"Arun Jaitley Stadium, Delhi",1,19,26,4.38,2,13.0,Excellent
AS Roy,"Eden Gardens, Kolkata",2,56,18,18.67,1,18.0,Average
AS Roy,"M.Chinnaswamy Stadium, Bengaluru",1,6,12,3.0,0,NA,Excellent
AS Roy,"MA Chidambaram Stadium, Chennai",1,18,10,10.8,0,NA,Bad
AS Roy,"Maharashtra Cricket Association Stadium, Pune",1,27,18,9.0,0,NA,Poor
AS Roy,"Rajiv Gandhi International Stadium, Hyderabad",1,26,19,8.21,1,19.0,Average
AS Roy,"Wankhede Stadium, Mumbai",1,28,24,7.0,1,24.0,Good
AU Rashid,"Bharat Ratna Shri Atal Bihari Vajpayee Ekana Cricket Stadium, Lucknow",1,23,18,7.67,2,9.0,Excellent
AU Rashid,"Rajiv Gandhi International Stadium, Hyderabad",1,33,24,8.25,0,NA,Average
Abdul Samad,"Dr DY Patil Sports Academy, Mumbai",1,8,6,8.0,0,NA,Average
Abhishek Sharma,"Arun Jaitley Stadium, Delhi",1,26,18,8.67,1,18.0,Average
Abhishek Sharma,"M.Chinnaswamy Stadium, Bengaluru",1,10,6,10.0,0,NA,Bad
Abhishek Sharma,"MA Chidambaram Stadium, Chennai",1,24,24,6.0,2,12.0,Excellent
Abhishek Sharma,"Maharashtra Cricket Association Stadium, Pune",1,15,6,15.0,0,NA,Bad
Abhishek Sharma,"Narendra Modi Stadium, Ahmedabad",1,13,7,11.14,0,NA,Bad
Abhishek Sharma,"Rajiv Gandhi International Stadium, Hyderabad",4,89,50,10.68,1,50.0,Bad
Abhishek Sharma,"Sawai Mansingh Stadium, Jaipur",1,16,12,8.0,0,NA,Average
Abhishek Sharma,"Wankhede Stadium, Mumbai",2,24,18,8.0,0,NA,Average
Akash Deep,"Dr DY Patil Sports Academy, Mumbai",3,142,70,12.17,4,17.5,Average
Akash Deep,"Eden Gardens, Kolkata",1,34,15,13.6,0,NA,Bad
Akash Deep,"M.Chinnaswamy Stadium, Bengaluru",1,29,18,9.67,1,18.0,Average
Akash Deep,"Maharashtra Cricket Association Stadium, Pune",1,20,24,5.0,2,12.0,Excellent
Akash Deep,"Wankhede Stadium, Mumbai",2,99,48,12.38,1,48.0,Bad
Akash Madhwal,"Bharat Ratna Shri Atal Bihari Vajpayee Ekana Cricket Stadium, Lucknow",1,31,26,7.15,0,NA,Good
Akash Madhwal,"MA Chidambaram Stadium, Chennai",2,10,27,2.22,7,3.857142857142857,Excellent
Akash Madhwal,"Maharaja Yadavindra Singh International Cricket Stadium, Mullanpur",1,48,24,12.0,2,12.0,Excellent
Akash Madhwal,"Narendra Modi Stadium, Ahmedabad",1,52,26,12.0,2,13.0,Good
Akash Madhwal,"Punjab Cricket Association IS Bindra Stadium, Mohali",1,37,19,11.68,0,NA,Bad
Akash Madhwal,"Wankhede Stadium, Mumbai",7,253,157,9.67,11,14.272727272727272,Good
Akash Singh,"Eden Gardens, Kolkata",1,29,25,6.96,1,25.0,Excellent
Akash Singh,"M.Chinnaswamy Stadium, Bengaluru",1,35,18,11.67,1,18.0,Average
Akash Singh,"MA Chidambaram Stadium, Chennai",3,92,62,8.9,3,20.666666666666668,Average
Akash Singh,"Sawai Mansingh Stadium, Jaipur",1,32,12,16.0,0,NA,Bad
Aman Hakim Khan,"Brabourne Stadium, Mumbai",1,13,6,13.0,0,NA,Bad
Arjun Tendulkar,"Narendra Modi Stadium, Ahmedabad",1,9,12,4.5,1,12.0,Excellent
Arjun Tendulkar,"Rajiv Gandhi International Stadium, Hyderabad",1,20,20,6.0,2,10.0,Excellent
Arjun Tendulkar,"Wankhede Stadium, Mumbai",3,88,51,10.35,1,51.0,Bad
Arshad Khan,"Arun Jaitley Stadium, Delhi",2,57,30,11.4,1,30.0,Bad
Arshad Khan,"Bharat Ratna Shri Atal Bihari Vajpayee Ekana Cricket Stadium, Lucknow",1,34,19,10.74,0,NA,Bad
Arshad Khan,"M.Chinnaswamy Stadium, Bengaluru",1,29,18,9.67,1,18.0,Average
Arshad Khan,"MA Chidambaram Stadium, Chennai",1,28,10,16.8,0,NA,Bad
Arshad Khan,"Punjab Cricket Association IS Bindra Stadium, Mohali",1,48,25,11.52,1,25.0,Bad
Arshad Khan,"Wankhede Stadium, Mumbai",3,86,51,10.12,3,17.0,Average
Arshad Khan (2),"Eden Gardens, Kolkata",1,25,13,11.54,0,NA,Bad
Arshdeep Singh,"Arun Jaitley Stadium, Delhi",1,32,24,8.0,0,NA,Average
Arshdeep Singh,"Barsapara Cricket Stadium, Guwahati",2,79,51,9.29,3,17.0,Average
Arshdeep Singh,"Bharat Ratna Shri Atal Bihari Vajpayee Ekana Cricket Stadium, Lucknow",2,53,38,8.37,3,12.666666666666666,Average
Arshdeep Singh,"Brabourne Stadium, Mumbai",4,89,71,7.52,2,35.5,Good
Arshdeep Singh,"Dr DY Patil Sports Academy, Mumbai",4,146,104,8.42,5,20.8,Average
Arshdeep Singh,"Eden Gardens, Kolkata",2,84,54,9.33,3,18.0,Average
Arshdeep Singh,Himachal Pradesh Cricket Association Stadium (Dharamsala),4,146,86,10.19,4,21.5,Poor
Arshdeep Singh,"M.Chinnaswamy Stadium, Bengaluru",1,42,23,10.96,0,NA,Bad
Arshdeep Singh,"MA Chidambaram Stadium, Chennai",2,89,56,9.54,3,18.666666666666668,Average
Arshdeep Singh,Maharaja Yadavindra Singh International Cricket St (Mullanpur) ,1,45,24,11.25,1,24.0,Poor
Arshdeep Singh,"Maharaja Yadavindra Singh International Cricket Stadium, Mullanpur",4,109,84,7.79,7,12.0,Excellent
Arshdeep Singh,"Maharashtra Cricket Association Stadium, Pune",2,56,49,6.86,2,24.5,Excellent
Arshdeep Singh,"Narendra Modi Stadium, Ahmedabad",1,37,24,9.25,0,NA,Poor
Arshdeep Singh,"Punjab Cricket Association IS Bindra Stadium, Mohali",5,208,118,10.58,7,16.857142857142858,Bad
Arshdeep Singh,"Rajiv Gandhi International Stadium, Hyderabad",2,58,43,8.09,3,14.333333333333334,Good
Arshdeep Singh,"Wankhede Stadium, Mumbai",5,140,118,7.12,7,16.857142857142858,Good
Atharva Taide,"Rajiv Gandhi International Stadium, Hyderabad",1,4,1,24.0,0,NA,Bad
Avesh Khan,"Arun Jaitley Stadium, Delhi",1,42,12,21.0,0,NA,Bad
Avesh Khan,"Barsapara Cricket Stadium, Guwahati",1,28,23,7.3,2,11.5,Excellent
Avesh Khan,"Bharat Ratna Shri Atal Bihari Vajpayee Ekana Cricket Stadium, Lucknow",4,117,87,8.07,3,29.0,Average
Avesh Khan,"Brabourne Stadium, Mumbai",3,93,67,8.33,6,11.166666666666666,Excellent
Avesh Khan,"Dr DY Patil Sports Academy, Mumbai",4,149,96,9.31,4,24.0,Poor
Avesh Khan,"Eden Gardens, Kolkata",2,83,51,9.76,3,17.0,Average
Avesh Khan,"M.Chinnaswamy Stadium, Bengaluru",1,55,24,13.75,0,NA,Bad
Avesh Khan,"MA Chidambaram Stadium, Chennai",3,78,58,8.07,6,9.666666666666666,Excellent
Avesh Khan,Maharaja Yadavindra Singh International Cricket St (Mullanpur) ,1,35,24,8.75,2,12.0,Excellent
Avesh Khan,"Maharashtra Cricket Association Stadium, Pune",3,72,64,6.75,5,12.8,Excellent
Avesh Khan,"Narendra Modi Stadium, Ahmedabad",2,79,48,9.88,4,12.0,Excellent
Avesh Khan,"Punjab Cricket Association IS Bindra Stadium, Mohali",1,28,12,14.0,0,NA,Bad
Avesh Khan,"Rajiv Gandhi International Stadium, Hyderabad",2,69,39,10.62,3,13.0,Good
Avesh Khan,"Sawai Mansingh Stadium, Jaipur",6,219,145,9.06,7,20.714285714285715,Poor
Avesh Khan,"Wankhede Stadium, Mumbai",3,96,72,8.0,4,18.0,Average
Azmatullah Omarzai,"Arun Jaitley Stadium, Delhi",1,34,24,8.5,0,NA,Average
Azmatullah Omarzai,"MA Chidambaram Stadium, Chennai",1,31,19,9.79,0,NA,Poor
Azmatullah Omarzai,"Maharaja Yadavindra Singh International Cricket Stadium, Mullanpur",1,13,12,6.5,0,NA,Excellent
Azmatullah Omarzai,"Narendra Modi Stadium, Ahmedabad",4,116,76,9.16,4,19.0,Average
B Kumar,"Arun Jaitley Stadium, Delhi",2,79,54,8.78,2,27.0,Average
B Kumar,"Bharat Ratna Shri Atal Bihari Vajpayee Ekana Cricket Stadium, Lucknow",1,19,13,8.77,1,13.0,Good
B Kumar,"Brabourne Stadium, Mumbai",3,73,62,7.06,3,20.666666666666668,Good
B Kumar,"Dr DY Patil Sports Academy, Mumbai",4,122,104,7.04,6,17.333333333333332,Good
B Kumar,"Eden Gardens, Kolkata",2,81,52,9.35,1,52.0,Poor
B Kumar,"M.Chinnaswamy Stadium, Bengaluru",1,60,28,12.86,0,NA,Bad
B Kumar,"MA Chidambaram Stadium, Chennai",4,108,67,9.67,1,67.0,Poor
B Kumar,"Maharaja Yadavindra Singh International Cricket Stadium, Mullanpur",1,33,26,7.62,2,13.0,Good
B Kumar,"Maharashtra Cricket Association Stadium, Pune",3,83,80,6.22,2,40.0,Excellent
B Kumar,"Narendra Modi Stadium, Ahmedabad",3,90,67,8.06,6,11.166666666666666,Excellent
B Kumar,"Rajiv Gandhi International Stadium, Hyderabad",13,416,294,8.49,14,21.0,Average
B Kumar,"Sawai Mansingh Stadium, Jaipur",1,44,26,10.15,1,26.0,Bad
B Kumar,"Wankhede Stadium, Mumbai",6,173,133,7.8,4,33.25,Good
BA Stokes,"MA Chidambaram Stadium, Chennai",1,18,6,18.0,0,NA,Bad
Basil Thampi,"Brabourne Stadium, Mumbai",1,39,27,8.67,3,9.0,Excellent
Basil Thampi,"Dr DY Patil Sports Academy, Mumbai",1,26,6,26.0,0,NA,Bad
Basil Thampi,"Maharashtra Cricket Association Stadium, Pune",3,93,69,8.09,2,34.5,Average
C Green,"Arun Jaitley Stadium, Delhi",1,30,19,9.47,0,NA,Poor
C Green,"Bharat Ratna Shri Atal Bihari Vajpayee Ekana Cricket Stadium, Lucknow",1,17,12,8.5,1,12.0,Excellent
C Green,"Eden Gardens, Kolkata",1,36,26,8.31,2,13.0,Good
C Green,Himachal Pradesh Cricket Association Stadium (Dharamsala),1,16,6,16.0,0,NA,Bad
C Green,"M.Chinnaswamy Stadium, Bengaluru",7,147,106,8.32,5,21.2,Average
C Green,"MA Chidambaram Stadium, Chennai",3,52,47,6.64,3,15.666666666666666,Excellent
C Green,"Narendra Modi Stadium, Ahmedabad",4,145,73,11.92,2,36.5,Bad
C Green,"Punjab Cricket Association IS Bindra Stadium, Mohali",1,15,12,7.5,0,NA,Good
C Green,"Rajiv Gandhi International Stadium, Hyderabad",2,44,38,6.95,3,12.666666666666666,Excellent
C Green,"Sawai Mansingh Stadium, Jaipur",1,27,20,8.1,0,NA,Average
C Green,"Wankhede Stadium, Mumbai",7,146,103,8.5,4,25.75,Average
C Sakariya,"Arun Jaitley Stadium, Delhi",1,36,28,7.71,1,28.0,Good
C Sakariya,"Bharat Ratna Shri Atal Bihari Vajpayee Ekana Cricket Stadium, Lucknow",1,53,27,11.78,2,13.5,Good
C Sakariya,"Dr DY Patil Sports Academy, Mumbai",1,23,27,5.11,2,13.5,Excellent
C Sakariya,"Wankhede Stadium, Mumbai",2,64,44,8.73,1,44.0,Average
CJ Jordan,"Bharat Ratna Shri Atal Bihari Vajpayee Ekana Cricket Stadium, Lucknow",1,50,26,11.54,0,NA,Bad
CJ Jordan,"Brabourne Stadium, Mumbai",1,23,25,5.52,3,8.333333333333334,Excellent
CJ Jordan,"Dr DY Patil Sports Academy, Mumbai",2,54,31,10.45,0,NA,Bad
CJ Jordan,"MA Chidambaram Stadium, Chennai",1,7,12,3.5,1,12.0,Excellent
CJ Jordan,"Maharashtra Cricket Association Stadium, Pune",1,59,24,14.75,0,NA,Bad
CJ Jordan,"Narendra Modi Stadium, Ahmedabad",1,56,28,12.0,0,NA,Bad
CJ Jordan,"Wankhede Stadium, Mumbai",3,128,74,10.38,2,37.0,Bad
CV Varun,"Arun Jaitley Stadium, Delhi",1,17,24,4.25,2,12.0,Excellent
CV Varun,"Bharat Ratna Shri Atal Bihari Vajpayee Ekana Cricket Stadium, Lucknow",1,30,18,10.0,3,6.0,Excellent
CV Varun,"Brabourne Stadium, Mumbai",3,123,57,12.95,1,57.0,Bad
CV Varun,"Dr DY Patil Sports Academy, Mumbai",4,121,88,8.25,2,44.0,Average
CV Varun,"Dr. Y.S. Rajasekhara Reddy ACA-VDCA Cricket Stadium, Visakhapatnam",1,38,27,8.44,3,9.0,Excellent
CV Varun,"Eden Gardens, Kolkata",14,486,329,8.86,20,16.45,Average
CV Varun,"M.Chinnaswamy Stadium, Bengaluru",2,47,36,7.83,3,12.0,Excellent
CV Varun,"MA Chidambaram Stadium, Chennai",3,74,61,7.28,3,20.33333333333333,Good
CV Varun,"Maharashtra Cricket Association Stadium, Pune",2,57,49,6.98,2,24.5,Excellent
CV Varun,"Narendra Modi Stadium, Ahmedabad",2,53,39,8.15,2,19.5,Average
CV Varun,"Punjab Cricket Association IS Bindra Stadium, Mohali",1,27,25,6.48,1,25.0,Excellent
CV Varun,"Rajiv Gandhi International Stadium, Hyderabad",1,24,24,6.0,1,24.0,Excellent
CV Varun,"Wankhede Stadium, Mumbai",4,97,100,5.82,4,25.0,Excellent
D Brevis,"Maharashtra Cricket Association Stadium, Pune",1,8,3,16.0,1,3.0,Excellent
D Jansen,"Wankhede Stadium, Mumbai",1,53,28,11.36,1,28.0,Bad
D Pretorius,"Brabourne Stadium, Mumbai",2,63,55,6.87,4,13.75,Excellent
D Pretorius,"Dr DY Patil Sports Academy, Mumbai",1,17,12,8.5,0,NA,Average
D Pretorius,"Maharashtra Cricket Association Stadium, Pune",2,83,45,11.07,3,15.0,Good
D Pretorius,"Wankhede Stadium, Mumbai",2,79,54,8.78,0,NA,Average
D Wiese,"Eden Gardens, Kolkata",1,38,18,12.67,0,NA,Bad
DG Nalkande,"Bharat Ratna Shri Atal Bihari Vajpayee Ekana Cricket Stadium, Lucknow",1,21,12,10.5,2,6.0,Excellent
DG Nalkande,"Brabourne Stadium, Mumbai",1,37,19,11.68,2,9.5,Excellent
DG Nalkande,"Dr DY Patil Sports Academy, Mumbai",1,22,14,9.43,0,NA,Poor
DG Nalkande,"MA Chidambaram Stadium, Chennai",1,45,25,10.8,1,25.0,Bad
DG Nalkande,"Narendra Modi Stadium, Ahmedabad",2,25,19,7.89,1,19.0,Good
DJ Bravo,"Brabourne Stadium, Mumbai",2,68,47,8.68,2,23.5,Average
DJ Bravo,"Dr DY Patil Sports Academy, Mumbai",4,134,93,8.65,6,15.5,Good
DJ Bravo,"Maharashtra Cricket Association Stadium, Pune",1,23,24,5.75,3,8.0,Excellent
DJ Bravo,"Wankhede Stadium, Mumbai",3,78,65,7.2,6,10.833333333333334,Excellent
DJ Hooda,"Arun Jaitley Stadium, Delhi",1,9,7,7.71,0,NA,Good
DJ Hooda,"Bharat Ratna Shri Atal Bihari Vajpayee Ekana Cricket Stadium, Lucknow",2,21,18,7.0,0,NA,Good
DJ Hooda,"Brabourne Stadium, Mumbai",1,12,6,12.0,0,NA,Bad
DJ Hooda,"Wankhede Stadium, Mumbai",1,31,18,10.33,1,18.0,Average
DJ Mitchell,"Dr DY Patil Sports Academy, Mumbai",1,20,6,20.0,0,NA,Bad
DJ Mitchell,"MA Chidambaram Stadium, Chennai",1,18,13,8.31,1,13.0,Good
DJ Mitchell,"Maharashtra Cricket Association Stadium, Pune",1,7,7,6.0,0,NA,Excellent
DJ Mitchell,"Narendra Modi Stadium, Ahmedabad",1,52,25,12.48,0,NA,Bad
DJ Willey,"Dr DY Patil Sports Academy, Mumbai",2,36,30,7.2,0,NA,Good
DJ Willey,"Eden Gardens, Kolkata",1,16,25,3.84,2,12.5,Excellent
DJ Willey,"M.Chinnaswamy Stadium, Bengaluru",3,90,69,7.83,2,34.5,Good
DJ Willey,"Maharashtra Cricket Association Stadium, Pune",1,8,12,4.0,0,NA,Excellent
DJ Willey,"Wankhede Stadium, Mumbai",1,31,24,7.75,1,24.0,Good
DL Chahar,"Arun Jaitley Stadium, Delhi",1,22,24,5.5,3,8.0,Excellent
DL Chahar,"Bharat Ratna Shri Atal Bihari Vajpayee Ekana Cricket Stadium, Lucknow",2,67,42,9.57,0,NA,Poor
DL Chahar,Dr YS Rajasekhara Reddy Cricket Stadium (Visakhapatnam) ,1,42,24,10.5,0,NA,Bad
DL Chahar,"MA Chidambaram Stadium, Chennai",10,260,198,7.88,13,15.23076923076923,Good
DL Chahar,"Narendra Modi Stadium, Ahmedabad",2,71,48,8.88,1,48.0,Average
DL Chahar,"Rajiv Gandhi International Stadium, Hyderabad",1,32,19,10.11,1,19.0,Average
DL Chahar,"Wankhede Stadium, Mumbai",1,10,6,10.0,0,NA,Bad
DR Sams,"Brabourne Stadium, Mumbai",2,75,44,10.23,1,44.0,Bad
DR Sams,"Dr DY Patil Sports Academy, Mumbai",4,120,104,6.92,6,17.333333333333332,Excellent
DR Sams,"Maharashtra Cricket Association Stadium, Pune",1,50,19,15.79,1,19.0,Average
DR Sams,"Wankhede Stadium, Mumbai",4,130,107,7.29,6,17.833333333333332,Good
FA Allen,"Brabourne Stadium, Mumbai",1,46,24,11.5,1,24.0,Poor
Fazalhaq Farooqi,"Bharat Ratna Shri Atal Bihari Vajpayee Ekana Cricket Stadium, Lucknow",1,14,19,4.42,1,19.0,Excellent
Fazalhaq Farooqi,"Narendra Modi Stadium, Ahmedabad",1,31,19,9.79,1,19.0,Average
Fazalhaq Farooqi,"Rajiv Gandhi International Stadium, Hyderabad",2,74,48,9.25,2,24.0,Poor
Fazalhaq Farooqi,"Wankhede Stadium, Mumbai",3,110,76,8.68,2,38.0,Average
G Coetzee,"Bharat Ratna Shri Atal Bihari Vajpayee Ekana Cricket Stadium, Lucknow",1,33,21,9.43,1,21.0,Poor
G Coetzee,"Maharaja Yadavindra Singh International Cricket Stadium, Mullanpur",1,34,26,7.85,3,8.666666666666666,Excellent
G Coetzee,"Narendra Modi Stadium, Ahmedabad",1,29,24,7.25,2,12.0,Excellent
G Coetzee,"Rajiv Gandhi International Stadium, Hyderabad",1,61,27,13.56,1,27.0,Bad
G Coetzee,"Sawai Mansingh Stadium, Jaipur",1,25,15,10.0,0,NA,Bad
G Coetzee,"Wankhede Stadium, Mumbai",5,175,103,10.19,6,17.166666666666668,Average
GD Phillips,"Rajiv Gandhi International Stadium, Hyderabad",2,20,18,6.67,1,18.0,Excellent
GJ Maxwell,"Arun Jaitley Stadium, Delhi",1,15,10,9.0,0,NA,Poor
GJ Maxwell,"Bharat Ratna Shri Atal Bihari Vajpayee Ekana Cricket Stadium, Lucknow",1,3,6,3.0,1,6.0,Excellent
GJ Maxwell,"Brabourne Stadium, Mumbai",2,28,18,9.33,1,18.0,Average
GJ Maxwell,"Dr DY Patil Sports Academy, Mumbai",2,40,31,7.74,2,15.5,Good
GJ Maxwell,"M.Chinnaswamy Stadium, Bengaluru",6,146,104,8.42,7,14.857142857142858,Good
GJ Maxwell,"MA Chidambaram Stadium, Chennai",1,7,6,7.0,0,NA,Good
GJ Maxwell,"Maharashtra Cricket Association Stadium, Pune",2,26,30,5.2,2,15.0,Excellent
GJ Maxwell,"Narendra Modi Stadium, Ahmedabad",2,45,36,7.5,1,36.0,Good
GJ Maxwell,"Punjab Cricket Association IS Bindra Stadium, Mohali",1,5,6,5.0,0,NA,Excellent
GJ Maxwell,"Sawai Mansingh Stadium, Jaipur",1,3,6,3.0,1,6.0,Excellent
GJ Maxwell,"Wankhede Stadium, Mumbai",4,72,55,7.85,3,18.33333333333333,Good
Gulbadin Naib,"Arun Jaitley Stadium, Delhi",1,12,6,12.0,0,NA,Bad
Gurnoor Brar,"Punjab Cricket Association IS Bindra Stadium, Mohali",1,42,21,12.0,0,NA,Bad
H Sharma,"M.Chinnaswamy Stadium, Bengaluru",1,33,18,11.0,0,NA,Bad
H Sharma,"Sawai Mansingh Stadium, Jaipur",1,29,12,14.5,0,NA,Bad
HH Pandya,"Arun Jaitley Stadium, Delhi",2,63,30,12.6,0,NA,Bad
HH Pandya,"Bharat Ratna Shri Atal Bihari Vajpayee Ekana Cricket Stadium, Lucknow",2,33,31,6.39,3,10.333333333333334,Excellent
HH Pandya,"Brabourne Stadium, Mumbai",1,37,25,8.88,1,25.0,Average
HH Pandya,"Dr DY Patil Sports Academy, Mumbai",2,45,41,6.59,2,20.5,Excellent
HH Pandya,"Eden Gardens, Kolkata",3,82,50,9.84,1,50.0,Poor
HH Pandya,"Maharaja Yadavindra Singh International Cricket Stadium, Mullanpur",1,33,27,7.33,1,27.0,Good
HH Pandya,"Maharashtra Cricket Association Stadium, Pune",2,32,30,6.4,1,30.0,Excellent
HH Pandya,"Narendra Modi Stadium, Ahmedabad",9,203,143,8.52,6,23.83333333333333,Average
HH Pandya,"Rajiv Gandhi International Stadium, Hyderabad",1,46,24,11.5,1,24.0,Poor
HH Pandya,"Sawai Mansingh Stadium, Jaipur",2,44,24,11.0,1,24.0,Poor
HH Pandya,"Wankhede Stadium, Mumbai",8,238,146,9.78,8,18.25,Average
HR Shokeen,"Arun Jaitley Stadium, Delhi",1,43,26,9.92,1,26.0,Poor
HR Shokeen,"Bharat Ratna Shri Atal Bihari Vajpayee Ekana Cricket Stadium, Lucknow",1,21,18,7.0,0,NA,Good
HR Shokeen,"Dr DY Patil Sports Academy, Mumbai",2,71,43,9.91,2,21.5,Poor
HR Shokeen,"M.Chinnaswamy Stadium, Bengaluru",1,17,6,17.0,0,NA,Bad
HR Shokeen,"MA Chidambaram Stadium, Chennai",1,18,7,15.43,0,NA,Bad
HR Shokeen,"Rajiv Gandhi International Stadium, Hyderabad",1,12,6,12.0,0,NA,Bad
HR Shokeen,"Wankhede Stadium, Mumbai",6,138,107,7.74,2,53.5,Good
HV Patel,"Arun Jaitley Stadium, Delhi",1,32,13,14.77,1,13.0,Good
HV Patel,"Barsapara Cricket Stadium, Guwahati",1,28,25,6.72,3,8.333333333333334,Excellent
HV Patel,"Bharat Ratna Shri Atal Bihari Vajpayee Ekana Cricket Stadium, Lucknow",2,67,51,7.88,3,17.0,Good
HV Patel,"Brabourne Stadium, Mumbai",3,89,62,8.61,6,10.333333333333334,Excellent
HV Patel,"Dr DY Patil Sports Academy, Mumbai",3,94,80,7.05,5,16.0,Good
HV Patel,"Eden Gardens, Kolkata",3,113,66,10.27,4,16.5,Bad
HV Patel,Himachal Pradesh Cricket Association Stadium (Dharamsala),2,63,51,7.41,6,8.5,Excellent
HV Patel,"M.Chinnaswamy Stadium, Bengaluru",8,316,204,9.29,10,20.4,Poor
HV Patel,"MA Chidambaram Stadium, Chennai",1,12,7,10.29,0,NA,Bad
HV Patel,"Maharaja Yadavindra Singh International Cricket Stadium, Mullanpur",5,149,105,8.51,14,7.5,Excellent
HV Patel,"Maharashtra Cricket Association Stadium, Pune",3,97,72,8.08,6,12.0,Excellent
HV Patel,"Narendra Modi Stadium, Ahmedabad",2,73,46,9.52,1,46.0,Poor
HV Patel,"Punjab Cricket Association IS Bindra Stadium, Mohali",1,23,22,6.27,1,22.0,Excellent
HV Patel,"Rajiv Gandhi International Stadium, Hyderabad",2,86,52,9.92,3,17.333333333333332,Average
HV Patel,"Wankhede Stadium, Mumbai",5,132,101,7.84,3,33.666666666666664,Good
Harpreet Brar,"Arun Jaitley Stadium, Delhi",1,30,25,7.2,4,6.25,Excellent
Harpreet Brar,"Barsapara Cricket Stadium, Guwahati",2,25,18,8.33,0,NA,Average
Harpreet Brar,"Bharat Ratna Shri Atal Bihari Vajpayee Ekana Cricket Stadium, Lucknow",2,24,24,6.0,1,24.0,Excellent
Harpreet Brar,"Brabourne Stadium, Mumbai",1,34,26,7.85,1,26.0,Good
Harpreet Brar,"Dr DY Patil Sports Academy, Mumbai",2,68,37,11.03,0,NA,Bad
Harpreet Brar,"Eden Gardens, Kolkata",2,25,18,8.33,1,18.0,Average
Harpreet Brar,Himachal Pradesh Cricket Association Stadium (Dharamsala),2,58,26,13.38,0,NA,Bad
Harpreet Brar,"M.Chinnaswamy Stadium, Bengaluru",1,17,24,4.25,2,12.0,Excellent
Harpreet Brar,"MA Chidambaram Stadium, Chennai",1,17,25,4.08,2,12.5,Excellent
Harpreet Brar,Maharaja Yadavindra Singh International Cricket St (Mullanpur) ,1,22,18,7.33,0,NA,Good
Harpreet Brar,"Maharaja Yadavindra Singh International Cricket Stadium, Mullanpur",4,119,84,8.5,1,84.0,Average
Harpreet Brar,"Narendra Modi Stadium, Ahmedabad",1,33,24,8.25,1,24.0,Average
Harpreet Brar,"Punjab Cricket Association IS Bindra Stadium, Mohali",4,80,60,8.0,3,20.0,Average
Harpreet Brar,"Rajiv Gandhi International Stadium, Hyderabad",2,63,38,9.95,1,38.0,Poor
Harpreet Brar,"Wankhede Stadium, Mumbai",3,61,49,7.47,3,16.333333333333332,Good
Harshit Rana,"Bharat Ratna Shri Atal Bihari Vajpayee Ekana Cricket Stadium, Lucknow",1,24,20,7.2,3,6.666666666666667,Excellent
Harshit Rana,"Eden Gardens, Kolkata",11,376,239,9.44,17,14.058823529411764,Good
Harshit Rana,"M.Chinnaswamy Stadium, Bengaluru",1,39,25,9.36,2,12.5,Poor
Harshit Rana,"MA Chidambaram Stadium, Chennai",2,43,37,6.97,2,18.5,Excellent
Harshit Rana,"Maharashtra Cricket Association Stadium, Pune",1,28,12,14.0,0,NA,Bad
Harshit Rana,"Narendra Modi Stadium, Ahmedabad",1,27,25,6.48,1,25.0,Excellent
Harshit Rana,"Rajiv Gandhi International Stadium, Hyderabad",1,29,26,6.69,1,26.0,Excellent
Harshit Rana,"Wankhede Stadium, Mumbai",1,24,19,7.58,1,19.0,Good
I Sharma,"Arun Jaitley Stadium, Delhi",6,176,126,8.38,8,15.75,Good
I Sharma,"Bharat Ratna Shri Atal Bihari Vajpayee Ekana Cricket Stadium, Lucknow",1,36,28,7.71,1,28.0,Good
I Sharma,Dr YS Rajasekhara Reddy Cricket Stadium (Visakhapatnam) ,1,23,20,6.9,0,NA,Excellent
I Sharma,"Dr. Y.S. Rajasekhara Reddy ACA-VDCA Cricket Stadium, Visakhapatnam",1,44,18,14.67,2,9.0,Excellent
I Sharma,Himachal Pradesh Cricket Association Stadium (Dharamsala),1,37,19,11.68,2,9.5,Excellent
I Sharma,"M.Chinnaswamy Stadium, Bengaluru",1,31,21,8.86,1,21.0,Average
I Sharma,"MA Chidambaram Stadium, Chennai",1,24,14,10.29,0,NA,Bad
I Sharma,"Maharaja Yadavindra Singh International Cricket Stadium, Mullanpur",1,16,15,6.4,2,7.5,Excellent
I Sharma,"Narendra Modi Stadium, Ahmedabad",2,31,38,4.89,5,7.6,Excellent
I Sharma,"Rajiv Gandhi International Stadium, Hyderabad",1,18,18,6.0,1,18.0,Excellent
I Sharma,"Wankhede Stadium, Mumbai",1,40,22,10.91,0,NA,Bad
J Little,"Arun Jaitley Stadium, Delhi",1,27,24,6.75,0,NA,Excellent
J Little,"Eden Gardens, Kolkata",1,25,24,6.25,2,12.0,Excellent
J Little,"M.Chinnaswamy Stadium, Bengaluru",1,45,25,10.8,4,6.25,Excellent
J Little,"Narendra Modi Stadium, Ahmedabad",6,188,112,10.07,3,37.333333333333336,Bad
J Little,"Punjab Cricket Association IS Bindra Stadium, Mohali",1,32,27,7.11,3,9.0,Excellent
J Little,"Sawai Mansingh Stadium, Jaipur",1,24,24,6.0,1,24.0,Excellent
J Suchith,"Brabourne Stadium, Mumbai",2,44,38,6.95,3,12.666666666666666,Excellent
J Suchith,"Dr DY Patil Sports Academy, Mumbai",1,28,25,6.72,1,25.0,Excellent
J Suchith,"Wankhede Stadium, Mumbai",2,69,52,7.96,3,17.333333333333332,Good
J Yadav,"Bharat Ratna Shri Atal Bihari Vajpayee Ekana Cricket Stadium, Lucknow",1,26,24,6.5,0,NA,Excellent
JA Richardson,"Wankhede Stadium, Mumbai",1,40,25,9.6,0,NA,Poor
JC Archer,"M.Chinnaswamy Stadium, Bengaluru",1,33,24,8.25,0,NA,Average
JC Archer,"MA Chidambaram Stadium, Chennai",1,25,25,6.0,0,NA,Excellent
JC Archer,"Punjab Cricket Association IS Bindra Stadium, Mohali",1,60,27,13.33,0,NA,Bad
JC Archer,"Wankhede Stadium, Mumbai",2,84,53,9.51,2,26.5,Poor
JD Unadkat,"Bharat Ratna Shri Atal Bihari Vajpayee Ekana Cricket Stadium, Lucknow",2,65,39,10.0,1,39.0,Bad
JD Unadkat,"Brabourne Stadium, Mumbai",1,32,25,7.68,2,12.5,Good
JD Unadkat,"Dr DY Patil Sports Academy, Mumbai",1,48,25,11.52,2,12.5,Bad
JD Unadkat,"M.Chinnaswamy Stadium, Bengaluru",2,64,26,14.77,1,26.0,Bad
JD Unadkat,"MA Chidambaram Stadium, Chennai",3,52,38,8.21,1,38.0,Average
JD Unadkat,"Maharaja Yadavindra Singh International Cricket Stadium, Mullanpur",1,49,27,10.89,1,27.0,Bad
JD Unadkat,"Maharashtra Cricket Association Stadium, Pune",2,75,49,9.18,3,16.333333333333332,Poor
JD Unadkat,"Narendra Modi Stadium, Ahmedabad",1,33,19,10.42,0,NA,Bad
JD Unadkat,"Rajiv Gandhi International Stadium, Hyderabad",5,150,103,8.74,6,17.166666666666668,Average
JD Unadkat,"Wankhede Stadium, Mumbai",1,36,24,9.0,0,NA,Poor
JDS Neesham,"Dr DY Patil Sports Academy, Mumbai",1,29,18,9.67,0,NA,Poor
JE Root,"Eden Gardens, Kolkata",1,15,12,7.5,0,NA,Good
JJ Bumrah,"Arun Jaitley Stadium, Delhi",1,36,27,8.0,1,27.0,Average
JJ Bumrah,"Bharat Ratna Shri Atal Bihari Vajpayee Ekana Cricket Stadium, Lucknow",1,17,24,4.25,0,NA,Excellent
JJ Bumrah,"Brabourne Stadium, Mumbai",3,116,70,9.94,0,NA,Poor
JJ Bumrah,"Dr DY Patil Sports Academy, Mumbai",4,85,99,5.15,9,11.0,Excellent
JJ Bumrah,"Eden Gardens, Kolkata",1,40,24,10.0,3,8.0,Excellent
JJ Bumrah,"Maharaja Yadavindra Singh International Cricket Stadium, Mullanpur",1,21,26,4.85,3,8.666666666666666,Excellent
JJ Bumrah,"Maharashtra Cricket Association Stadium, Pune",3,91,68,8.03,1,68.0,Average
JJ Bumrah,"Narendra Modi Stadium, Ahmedabad",1,15,24,3.75,3,8.0,Excellent
JJ Bumrah,"Rajiv Gandhi International Stadium, Hyderabad",1,36,26,8.31,0,NA,Average
JJ Bumrah,"Sawai Mansingh Stadium, Jaipur",1,37,26,8.54,0,NA,Average
JJ Bumrah,"Wankhede Stadium, Mumbai",10,239,241,5.95,17,14.176470588235292,Excellent
JO Holder,"Barsapara Cricket Stadium, Guwahati",2,58,43,8.09,2,21.5,Average
JO Holder,"Brabourne Stadium, Mumbai",2,50,38,7.89,2,19.0,Good
JO Holder,"Dr DY Patil Sports Academy, Mumbai",4,137,105,7.83,6,17.5,Good
JO Holder,"M.Chinnaswamy Stadium, Bengaluru",1,34,24,8.5,0,NA,Average
JO Holder,"MA Chidambaram Stadium, Chennai",1,38,19,12.0,0,NA,Bad
JO Holder,"Maharashtra Cricket Association Stadium, Pune",3,81,48,10.12,5,9.6,Excellent
JO Holder,"Rajiv Gandhi International Stadium, Hyderabad",1,16,18,5.33,1,18.0,Excellent
JO Holder,"Sawai Mansingh Stadium, Jaipur",2,89,49,10.9,1,49.0,Bad
JO Holder,"Wankhede Stadium, Mumbai",4,186,98,11.39,3,32.666666666666664,Bad
JP Behrendorff,"Arun Jaitley Stadium, Delhi",1,23,18,7.67,4,4.5,Excellent
JP Behrendorff,"Bharat Ratna Shri Atal Bihari Vajpayee Ekana Cricket Stadium, Lucknow",1,32,25,7.68,2,12.5,Good
JP Behrendorff,"M.Chinnaswamy Stadium, Bengaluru",1,37,18,12.33,0,NA,Bad
JP Behrendorff,"MA Chidambaram Stadium, Chennai",1,23,18,7.67,0,NA,Good
JP Behrendorff,"Narendra Modi Stadium, Ahmedabad",2,65,50,7.8,1,50.0,Good
JP Behrendorff,"Rajiv Gandhi International Stadium, Hyderabad",1,37,25,8.88,3,8.333333333333334,Excellent
JP Behrendorff,"Wankhede Stadium, Mumbai",5,178,108,9.89,7,15.428571428571429,Good
JR Hazlewood,"Arun Jaitley Stadium, Delhi",1,29,19,9.16,1,19.0,Average
JR Hazlewood,"Bharat Ratna Shri Atal Bihari Vajpayee Ekana Cricket Stadium, Lucknow",1,15,19,4.74,2,9.5,Excellent
JR Hazlewood,"Brabourne Stadium, Mumbai",3,132,66,12.0,0,NA,Bad
JR Hazlewood,"Dr DY Patil Sports Academy, Mumbai",2,58,51,6.82,5,10.2,Excellent
JR Hazlewood,"Eden Gardens, Kolkata",1,44,27,9.78,3,9.0,Excellent
JR Hazlewood,"Maharashtra Cricket Association Stadium, Pune",2,38,48,4.75,4,12.0,Excellent
JR Hazlewood,"Narendra Modi Stadium, Ahmedabad",1,23,24,5.75,2,12.0,Excellent
JR Hazlewood,"Wankhede Stadium, Mumbai",4,117,92,7.63,7,13.142857142857142,Good
K Gowtham,"Bharat Ratna Shri Atal Bihari Vajpayee Ekana Cricket Stadium, Lucknow",3,64,62,6.19,2,31.0,Excellent
K Gowtham,"Dr DY Patil Sports Academy, Mumbai",2,46,36,7.67,2,18.0,Good
K Gowtham,"Eden Gardens, Kolkata",1,26,26,6.0,1,26.0,Excellent
K Gowtham,"MA Chidambaram Stadium, Chennai",2,28,12,14.0,0,NA,Bad
K Gowtham,"Rajiv Gandhi International Stadium, Hyderabad",1,30,13,13.85,0,NA,Bad
K Gowtham,"Wankhede Stadium, Mumbai",2,55,36,9.17,3,12.0,Excellent
K Kartikeya,"Brabourne Stadium, Mumbai",1,29,18,9.67,0,NA,Poor
K Kartikeya,"Dr DY Patil Sports Academy, Mumbai",2,51,42,7.29,3,14.0,Good
K Kartikeya,"Narendra Modi Stadium, Ahmedabad",2,55,36,9.17,1,36.0,Poor
K Kartikeya,"Punjab Cricket Association IS Bindra Stadium, Mohali",1,25,21,7.14,0,NA,Good
K Kartikeya,"Wankhede Stadium, Mumbai",6,174,124,8.42,6,20.666666666666668,Average
K Khejroliya,"Arun Jaitley Stadium, Delhi",1,20,9,13.33,0,NA,Bad
K Khejroliya,"Eden Gardens, Kolkata",1,44,19,13.89,2,9.5,Excellent
K Rabada,"Bharat Ratna Shri Atal Bihari Vajpayee Ekana Cricket Stadium, Lucknow",2,73,50,8.76,3,16.666666666666668,Average
K Rabada,"Brabourne Stadium, Mumbai",4,120,90,8.0,6,15.0,Good
K Rabada,"Dr DY Patil Sports Academy, Mumbai",3,91,69,7.91,6,11.5,Excellent
K Rabada,"Eden Gardens, Kolkata",1,52,22,14.18,0,NA,Bad
K Rabada,Himachal Pradesh Cricket Association Stadium (Dharamsala),3,100,63,9.52,2,31.5,Poor
K Rabada,"M.Chinnaswamy Stadium, Bengaluru",1,28,25,6.72,2,12.5,Excellent
K Rabada,"MA Chidambaram Stadium, Chennai",2,59,50,7.08,1,50.0,Good
K Rabada,Maharaja Yadavindra Singh International Cricket St (Mullanpur) ,1,18,24,4.5,2,12.0,Excellent
K Rabada,"Maharaja Yadavindra Singh International Cricket Stadium, Mullanpur",4,157,98,9.61,3,32.666666666666664,Poor
K Rabada,"Maharashtra Cricket Association Stadium, Pune",2,67,49,8.2,6,8.166666666666666,Excellent
K Rabada,"Narendra Modi Stadium, Ahmedabad",1,44,25,10.56,2,12.5,Bad
K Rabada,"Punjab Cricket Association IS Bindra Stadium, Mohali",2,98,52,11.31,3,17.333333333333332,Average
K Rabada,"Wankhede Stadium, Mumbai",4,136,95,8.59,5,19.0,Average
K Yadav,"Sawai Mansingh Stadium, Jaipur",2,68,42,9.71,2,21.0,Poor
KA Maharaj,Maharaja Yadavindra Singh International Cricket St (Mullanpur) ,1,23,24,5.75,2,12.0,Excellent
KA Maharaj,"Sawai Mansingh Stadium, Jaipur",1,16,12,8.0,0,NA,Average
KA Pollard,"Brabourne Stadium, Mumbai",1,14,12,7.0,1,12.0,Excellent
KA Pollard,"Dr DY Patil Sports Academy, Mumbai",3,84,44,11.45,1,44.0,Bad
KA Pollard,"Maharashtra Cricket Association Stadium, Pune",1,24,19,7.58,0,NA,Good
KA Pollard,"Wankhede Stadium, Mumbai",1,8,12,4.0,2,6.0,Excellent
KH Pandya,"Arun Jaitley Stadium, Delhi",1,20,13,9.23,0,NA,Poor
KH Pandya,"Bharat Ratna Shri Atal Bihari Vajpayee Ekana Cricket Stadium, Lucknow",11,263,233,6.77,11,21.181818181818183,Excellent
KH Pandya,"Brabourne Stadium, Mumbai",3,70,43,9.77,0,NA,Poor
KH Pandya,"Dr DY Patil Sports Academy, Mumbai",3,68,60,6.8,3,20.0,Excellent
KH Pandya,"Eden Gardens, Kolkata",3,84,55,9.16,2,27.5,Poor
KH Pandya,"M.Chinnaswamy Stadium, Bengaluru",2,46,30,9.2,0,NA,Poor
KH Pandya,"MA Chidambaram Stadium, Chennai",3,80,48,10.0,0,NA,Bad
KH Pandya,"Maharashtra Cricket Association Stadium, Pune",2,36,49,4.41,2,24.5,Excellent
KH Pandya,"Narendra Modi Stadium, Ahmedabad",1,38,24,9.5,0,NA,Poor
KH Pandya,"Punjab Cricket Association IS Bindra Stadium, Mohali",1,13,7,11.14,0,NA,Bad
KH Pandya,"Rajiv Gandhi International Stadium, Hyderabad",1,24,24,6.0,2,12.0,Excellent
KH Pandya,"Sawai Mansingh Stadium, Jaipur",1,20,24,5.0,0,NA,Excellent
KH Pandya,"Wankhede Stadium, Mumbai",4,85,80,6.38,6,13.333333333333334,Excellent
KK Ahmed,"Arun Jaitley Stadium, Delhi",9,362,203,10.7,9,22.55555555555556,Poor
KK Ahmed,"Barsapara Cricket Stadium, Guwahati",1,31,14,13.29,0,NA,Bad
KK Ahmed,"Bharat Ratna Shri Atal Bihari Vajpayee Ekana Cricket Stadium, Lucknow",2,74,50,8.88,4,12.5,Average
KK Ahmed,"Brabourne Stadium, Mumbai",4,103,97,6.37,10,9.7,Excellent
KK Ahmed,"Dr DY Patil Sports Academy, Mumbai",2,71,51,8.35,2,25.5,Average
KK Ahmed,Dr YS Rajasekhara Reddy Cricket Stadium (Visakhapatnam) ,1,22,28,4.71,2,14.0,Excellent
KK Ahmed,"Dr. Y.S. Rajasekhara Reddy ACA-VDCA Cricket Stadium, Visakhapatnam",1,47,31,9.1,1,31.0,Poor
KK Ahmed,"Eden Gardens, Kolkata",1,28,18,9.33,0,NA,Poor
KK Ahmed,Himachal Pradesh Cricket Association Stadium (Dharamsala),1,23,19,7.26,1,19.0,Good
KK Ahmed,"M.Chinnaswamy Stadium, Bengaluru",1,32,24,8.0,2,12.0,Excellent
KK Ahmed,"MA Chidambaram Stadium, Chennai",1,33,26,7.62,1,26.0,Good
KK Ahmed,"Maharaja Yadavindra Singh International Cricket Stadium, Mullanpur",1,43,24,10.75,2,12.0,Excellent
KK Ahmed,"Maharashtra Cricket Association Stadium, Pune",1,34,24,8.5,2,12.0,Excellent
KK Ahmed,"Narendra Modi Stadium, Ahmedabad",2,44,49,5.39,3,16.333333333333332,Excellent
KK Ahmed,"Sawai Mansingh Stadium, Jaipur",1,24,26,5.54,1,26.0,Excellent
KK Ahmed,"Wankhede Stadium, Mumbai",4,146,94,9.32,3,31.33333333333333,Poor
KL Nagarkoti,"Brabourne Stadium, Mumbai",1,29,13,13.38,0,NA,Bad
KM Asif,"Barsapara Cricket Stadium, Guwahati",1,55,28,11.79,0,NA,Bad
KM Asif,"Eden Gardens, Kolkata",1,27,19,8.53,1,19.0,Average
KM Asif,"Rajiv Gandhi International Stadium, Hyderabad",1,15,19,4.74,0,NA,Excellent
KM Asif,"Sawai Mansingh Stadium, Jaipur",1,42,25,10.08,2,12.5,Bad
KR Mayers,"Bharat Ratna Shri Atal Bihari Vajpayee Ekana Cricket Stadium, Lucknow",2,12,13,5.54,0,NA,Excellent
KR Mayers,"MA Chidambaram Stadium, Chennai",1,16,13,7.38,0,NA,Good
KR Mayers,"Narendra Modi Stadium, Ahmedabad",1,16,7,13.71,0,NA,Bad
KR Mayers,"Punjab Cricket Association IS Bindra Stadium, Mohali",1,4,6,4.0,0,NA,Excellent
KR Mayers,"Rajiv Gandhi International Stadium, Hyderabad",1,11,7,9.43,0,NA,Poor
KR Sen,"Dr DY Patil Sports Academy, Mumbai",3,114,64,10.69,2,32.0,Bad
KR Sen,"Eden Gardens, Kolkata",1,50,26,11.54,2,13.0,Good
KR Sen,"MA Chidambaram Stadium, Chennai",1,9,12,4.5,0,NA,Excellent
KR Sen,Maharaja Yadavindra Singh International Cricket St (Mullanpur) ,1,35,24,8.75,1,24.0,Average
KR Sen,"Maharashtra Cricket Association Stadium, Pune",1,20,21,5.71,4,5.25,Excellent
KR Sen,"Sawai Mansingh Stadium, Jaipur",1,42,29,8.69,3,9.666666666666666,Excellent
KR Sen,"Wankhede Stadium, Mumbai",4,126,79,9.57,2,39.5,Poor
KT Maphaka,"Rajiv Gandhi International Stadium, Hyderabad",1,67,27,14.89,0,NA,Bad
KT Maphaka,"Wankhede Stadium, Mumbai",1,23,12,11.5,1,12.0,Excellent
KV Sharma,"Arun Jaitley Stadium, Delhi",1,37,18,12.33,1,18.0,Average
KV Sharma,"Bharat Ratna Shri Atal Bihari Vajpayee Ekana Cricket Stadium, Lucknow",1,20,24,5.0,2,12.0,Excellent
KV Sharma,"Eden Gardens, Kolkata",2,60,42,8.57,2,21.0,Average
KV Sharma,Himachal Pradesh Cricket Association Stadium (Dharamsala),1,36,18,12.0,2,9.0,Excellent
KV Sharma,"M.Chinnaswamy Stadium, Bengaluru",5,158,80,11.85,4,20.0,Average
KV Sharma,"MA Chidambaram Stadium, Chennai",1,24,12,12.0,1,12.0,Excellent
KV Sharma,"Narendra Modi Stadium, Ahmedabad",2,57,33,10.36,1,33.0,Bad
KV Sharma,"Rajiv Gandhi International Stadium, Hyderabad",2,74,45,9.87,2,22.5,Poor
KV Sharma,"Sawai Mansingh Stadium, Jaipur",1,19,9,12.67,3,3.0,Excellent
Kartik Tyagi,"Brabourne Stadium, Mumbai",1,37,26,8.54,0,NA,Average
Kartik Tyagi,"Narendra Modi Stadium, Ahmedabad",1,52,26,12.0,0,NA,Bad
Kartik Tyagi,"Rajiv Gandhi International Stadium, Hyderabad",2,51,24,12.75,1,24.0,Poor
Kartik Tyagi,"Wankhede Stadium, Mumbai",2,83,48,10.38,1,48.0,Bad
Kuldeep Yadav,"Arun Jaitley Stadium, Delhi",12,375,253,8.89,12,21.08333333333333,Average
Kuldeep Yadav,"Barsapara Cricket Stadium, Guwahati",1,31,24,7.75,1,24.0,Good
Kuldeep Yadav,"Bharat Ratna Shri Atal Bihari Vajpayee Ekana Cricket Stadium, Lucknow",2,57,49,6.98,4,12.25,Excellent
Kuldeep Yadav,"Brabourne Stadium, Mumbai",4,117,98,7.16,10,9.8,Excellent
Kuldeep Yadav,"Dr DY Patil Sports Academy, Mumbai",4,108,78,8.31,4,19.5,Average
Kuldeep Yadav,"Eden Gardens, Kolkata",1,34,24,8.5,0,NA,Average
Kuldeep Yadav,Himachal Pradesh Cricket Association Stadium (Dharamsala),1,21,19,6.63,0,NA,Excellent
Kuldeep Yadav,"M.Chinnaswamy Stadium, Bengaluru",2,78,49,9.55,3,16.333333333333332,Poor
Kuldeep Yadav,"MA Chidambaram Stadium, Chennai",1,29,27,6.44,1,27.0,Excellent
Kuldeep Yadav,"Maharaja Yadavindra Singh International Cricket Stadium, Mullanpur",1,21,24,5.25,2,12.0,Excellent
Kuldeep Yadav,"Maharashtra Cricket Association Stadium, Pune",1,32,24,8.0,1,24.0,Average
Kuldeep Yadav,"Narendra Modi Stadium, Ahmedabad",2,33,48,4.12,1,48.0,Excellent
Kuldeep Yadav,"Rajiv Gandhi International Stadium, Hyderabad",1,22,24,5.5,1,24.0,Excellent
Kuldeep Yadav,"Sawai Mansingh Stadium, Jaipur",1,41,26,9.46,1,26.0,Poor
Kuldeep Yadav,"Wankhede Stadium, Mumbai",5,163,106,9.23,6,17.666666666666668,Average
L Wood,"Arun Jaitley Stadium, Delhi",1,68,24,17.0,1,24.0,Poor
L Wood,"Narendra Modi Stadium, Ahmedabad",1,26,14,11.14,0,NA,Bad
LB Williams,"Arun Jaitley Stadium, Delhi",1,34,22,9.27,0,NA,Poor
LB Williams,"Eden Gardens, Kolkata",1,40,20,12.0,1,20.0,Average
LH Ferguson,"Brabourne Stadium, Mumbai",3,105,74,8.51,5,14.8,Good
LH Ferguson,"Dr DY Patil Sports Academy, Mumbai",4,134,96,8.38,6,16.0,Good
LH Ferguson,"Eden Gardens, Kolkata",2,84,39,12.92,1,39.0,Bad
LH Ferguson,Himachal Pradesh Cricket Association Stadium (Dharamsala),1,31,18,10.33,3,6.0,Excellent
LH Ferguson,"M.Chinnaswamy Stadium, Bengaluru",3,117,68,10.32,5,13.6,Good
LH Ferguson,"Maharashtra Cricket Association Stadium, Pune",2,75,49,9.18,5,9.8,Excellent
LH Ferguson,"Narendra Modi Stadium, Ahmedabad",3,101,68,8.91,1,68.0,Average
LH Ferguson,"Rajiv Gandhi International Stadium, Hyderabad",1,28,12,14.0,0,NA,Bad
LH Ferguson,"Wankhede Stadium, Mumbai",4,116,71,9.8,1,71.0,Poor
LS Livingstone,"Brabourne Stadium, Mumbai",2,37,25,8.88,2,12.5,Average
LS Livingstone,"Dr DY Patil Sports Academy, Mumbai",4,75,60,7.5,4,15.0,Good
LS Livingstone,"Eden Gardens, Kolkata",1,27,12,13.5,0,NA,Bad
LS Livingstone,Himachal Pradesh Cricket Association Stadium (Dharamsala),1,28,19,8.84,0,NA,Average
LS Livingstone,"MA Chidambaram Stadium, Chennai",1,16,6,16.0,0,NA,Bad
LS Livingstone,Maharaja Yadavindra Singh International Cricket St (Mullanpur) ,1,21,19,6.63,1,19.0,Excellent
LS Livingstone,"Maharaja Yadavindra Singh International Cricket Stadium, Mullanpur",2,37,37,6.0,2,18.5,Excellent
LS Livingstone,"Maharashtra Cricket Association Stadium, Pune",2,34,19,10.74,0,NA,Bad
LS Livingstone,"Punjab Cricket Association IS Bindra Stadium, Mohali",2,28,12,14.0,1,12.0,Excellent
LS Livingstone,"Wankhede Stadium, Mumbai",5,79,52,9.12,1,52.0,Poor
Lalit Yadav,"Arun Jaitley Stadium, Delhi",3,97,51,11.41,1,51.0,Bad
Lalit Yadav,"Brabourne Stadium, Mumbai",3,34,30,6.8,3,10.0,Excellent
Lalit Yadav,"Dr DY Patil Sports Academy, Mumbai",2,29,31,5.61,1,31.0,Excellent
Lalit Yadav,"M.Chinnaswamy Stadium, Bengaluru",1,30,25,7.2,1,25.0,Good
Lalit Yadav,"MA Chidambaram Stadium, Chennai",1,35,18,11.67,1,18.0,Average
Lalit Yadav,"Wankhede Stadium, Mumbai",4,104,55,11.35,0,NA,Bad
M Ashwin,"Barsapara Cricket Stadium, Guwahati",1,11,7,9.43,0,NA,Poor
M Ashwin,"Brabourne Stadium, Mumbai",3,76,72,6.33,5,14.4,Excellent
M Ashwin,"Dr DY Patil Sports Academy, Mumbai",2,67,46,8.74,1,46.0,Average
M Ashwin,"Maharashtra Cricket Association Stadium, Pune",3,90,61,8.85,3,20.33333333333333,Average
M Ashwin,"Sawai Mansingh Stadium, Jaipur",1,42,18,14.0,0,NA,Bad
M Jansen,"Brabourne Stadium, Mumbai",2,52,52,6.0,4,13.0,Excellent
M Jansen,"Dr DY Patil Sports Academy, Mumbai",3,92,75,7.36,2,37.5,Good
M Jansen,"Eden Gardens, Kolkata",2,78,49,9.55,3,16.333333333333332,Poor
M Jansen,"MA Chidambaram Stadium, Chennai",1,38,18,12.67,0,NA,Bad
M Jansen,"Maharashtra Cricket Association Stadium, Pune",2,71,48,8.88,1,48.0,Average
M Jansen,"Narendra Modi Stadium, Ahmedabad",1,39,30,7.8,1,30.0,Good
M Jansen,"Rajiv Gandhi International Stadium, Hyderabad",5,154,104,8.88,6,17.333333333333332,Average
M Jansen,"Sawai Mansingh Stadium, Jaipur",1,48,25,11.52,1,25.0,Bad
M Jansen,"Wankhede Stadium, Mumbai",2,113,46,14.74,1,46.0,Bad
M Markande,"Arun Jaitley Stadium, Delhi",2,46,38,7.26,4,9.5,Excellent
M Markande,"Eden Gardens, Kolkata",2,66,48,8.25,4,12.0,Excellent
M Markande,"M.Chinnaswamy Stadium, Bengaluru",1,46,27,10.22,2,13.5,Good
M Markande,"MA Chidambaram Stadium, Chennai",1,23,24,5.75,2,12.0,Excellent
M Markande,"Narendra Modi Stadium, Ahmedabad",2,60,38,9.47,1,38.0,Poor
M Markande,"Rajiv Gandhi International Stadium, Hyderabad",8,267,173,9.26,7,24.714285714285715,Poor
M Markande,"Sawai Mansingh Stadium, Jaipur",1,51,24,12.75,0,NA,Bad
M Markande,"Wankhede Stadium, Mumbai",2,61,42,8.71,1,42.0,Average
M Pathirana,"Arun Jaitley Stadium, Delhi",1,23,29,4.76,2,14.5,Excellent
M Pathirana,"Bharat Ratna Shri Atal Bihari Vajpayee Ekana Cricket Stadium, Lucknow",2,53,48,6.62,3,16.0,Excellent
M Pathirana,"Brabourne Stadium, Mumbai",1,30,26,6.92,0,NA,Excellent
M Pathirana,Dr YS Rajasekhara Reddy Cricket Stadium (Visakhapatnam) ,1,32,26,7.38,3,8.666666666666666,Excellent
M Pathirana,"Eden Gardens, Kolkata",1,27,27,6.0,1,27.0,Excellent
M Pathirana,"M.Chinnaswamy Stadium, Bengaluru",1,42,26,9.69,2,13.0,Good
M Pathirana,"MA Chidambaram Stadium, Chennai",9,259,222,7.0,18,12.333333333333334,Good
M Pathirana,"Narendra Modi Stadium, Ahmedabad",1,46,26,10.62,2,13.0,Good
M Pathirana,"Sawai Mansingh Stadium, Jaipur",1,49,26,11.31,1,26.0,Bad
M Pathirana,"Wankhede Stadium, Mumbai",2,56,47,7.15,6,7.833333333333333,Excellent
M Prasidh Krishna,"Brabourne Stadium, Mumbai",3,108,79,8.2,3,26.33333333333333,Average
M Prasidh Krishna,"Dr DY Patil Sports Academy, Mumbai",4,121,99,7.33,4,24.75,Good
M Prasidh Krishna,"Eden Gardens, Kolkata",1,41,22,11.18,0,NA,Bad
M Prasidh Krishna,"Maharashtra Cricket Association Stadium, Pune",2,39,51,4.59,4,12.75,Excellent
M Prasidh Krishna,"Narendra Modi Stadium, Ahmedabad",2,70,51,8.24,4,12.75,Average
M Prasidh Krishna,"Wankhede Stadium, Mumbai",5,185,130,8.54,6,21.666666666666668,Average
M Shahrukh Khan,"Arun Jaitley Stadium, Delhi",1,9,6,9.0,0,NA,Poor
M Shahrukh Khan,"Maharaja Yadavindra Singh International Cricket Stadium, Mullanpur",1,7,6,7.0,0,NA,Good
M Siddharth,"Bharat Ratna Shri Atal Bihari Vajpayee Ekana Cricket Stadium, Lucknow",2,51,40,7.65,0,NA,Good
M Siddharth,"M.Chinnaswamy Stadium, Bengaluru",1,21,18,7.0,1,18.0,Good
M Theekshana,"Arun Jaitley Stadium, Delhi",1,23,24,5.75,2,12.0,Excellent
M Theekshana,"Bharat Ratna Shri Atal Bihari Vajpayee Ekana Cricket Stadium, Lucknow",1,37,24,9.25,2,12.0,Excellent
M Theekshana,"Dr DY Patil Sports Academy, Mumbai",4,129,96,8.06,6,16.0,Good
M Theekshana,"Eden Gardens, Kolkata",1,32,25,7.68,2,12.5,Good
M Theekshana,"M.Chinnaswamy Stadium, Bengaluru",2,67,50,8.04,1,50.0,Average
M Theekshana,"MA Chidambaram Stadium, Chennai",10,294,223,7.91,4,55.75,Good
M Theekshana,"Maharashtra Cricket Association Stadium, Pune",3,82,72,6.83,5,14.4,Excellent
M Theekshana,"Narendra Modi Stadium, Ahmedabad",1,36,24,9.0,0,NA,Poor
M Theekshana,"Rajiv Gandhi International Stadium, Hyderabad",1,28,24,7.0,1,24.0,Good
M Theekshana,"Sawai Mansingh Stadium, Jaipur",1,30,25,7.2,1,25.0,Good
M Theekshana,"Wankhede Stadium, Mumbai",2,56,44,7.64,1,44.0,Good
MA Starc,"Bharat Ratna Shri Atal Bihari Vajpayee Ekana Cricket Stadium, Lucknow",1,22,12,11.0,1,12.0,Excellent
MA Starc,"Dr. Y.S. Rajasekhara Reddy ACA-VDCA Cricket Stadium, Visakhapatnam",1,29,18,9.67,2,9.0,Excellent
MA Starc,"Eden Gardens, Kolkata",6,242,125,11.62,7,17.857142857142858,Average
MA Starc,"M.Chinnaswamy Stadium, Bengaluru",1,47,25,11.28,1,25.0,Bad
MA Starc,"MA Chidambaram Stadium, Chennai",2,43,38,6.79,2,19.0,Excellent
MA Starc,"Narendra Modi Stadium, Ahmedabad",1,34,25,8.16,3,8.333333333333334,Excellent
MA Starc,"Wankhede Stadium, Mumbai",1,33,24,8.25,4,6.0,Excellent
MA Wood,"Bharat Ratna Shri Atal Bihari Vajpayee Ekana Cricket Stadium, Lucknow",2,50,52,5.77,7,7.428571428571429,Excellent
MA Wood,"M.Chinnaswamy Stadium, Bengaluru",1,37,26,8.54,1,26.0,Average
MA Wood,"MA Chidambaram Stadium, Chennai",1,55,24,13.75,3,8.0,Excellent
MG Bracewell,"Eden Gardens, Kolkata",1,34,18,11.33,1,18.0,Average
MG Bracewell,"M.Chinnaswamy Stadium, Bengaluru",2,32,18,10.67,1,18.0,Average
MG Bracewell,"Rajiv Gandhi International Stadium, Hyderabad",1,13,12,6.5,2,6.0,Excellent
MG Bracewell,"Sawai Mansingh Stadium, Jaipur",1,16,18,5.33,2,9.0,Excellent
MJ Henry,"Bharat Ratna Shri Atal Bihari Vajpayee Ekana Cricket Stadium, Lucknow",2,60,36,10.0,0,NA,Bad
MJ Henry,"MA Chidambaram Stadium, Chennai",1,28,24,7.0,1,24.0,Good
MJ Henry,"Wankhede Stadium, Mumbai",1,24,14,10.29,0,NA,Bad
MJ Santner,"Brabourne Stadium, Mumbai",1,15,18,5.0,1,18.0,Excellent
MJ Santner,"Dr DY Patil Sports Academy, Mumbai",1,16,18,5.33,1,18.0,Excellent
MJ Santner,Himachal Pradesh Cricket Association Stadium (Dharamsala),1,10,18,3.33,1,18.0,Excellent
MJ Santner,"M.Chinnaswamy Stadium, Bengaluru",1,23,24,5.75,2,12.0,Excellent
MJ Santner,"MA Chidambaram Stadium, Chennai",1,22,24,5.5,1,24.0,Excellent
MJ Santner,"Maharashtra Cricket Association Stadium, Pune",1,36,18,12.0,1,18.0,Average
MJ Santner,"Narendra Modi Stadium, Ahmedabad",2,63,36,10.5,0,NA,Bad
MJ Santner,"Wankhede Stadium, Mumbai",4,96,84,6.86,3,28.0,Excellent
MJ Suthar,"M.Chinnaswamy Stadium, Bengaluru",1,26,12,13.0,0,NA,Bad
MK Lomror,"Arun Jaitley Stadium, Delhi",1,13,6,13.0,0,NA,Bad
MK Lomror,"Bharat Ratna Shri Atal Bihari Vajpayee Ekana Cricket Stadium, Lucknow",1,4,6,4.0,1,6.0,Excellent
MK Lomror,"M.Chinnaswamy Stadium, Bengaluru",1,18,9,12.0,0,NA,Bad
MK Lomror,"Wankhede Stadium, Mumbai",2,18,12,9.0,0,NA,Poor
MM Ali,"Bharat Ratna Shri Atal Bihari Vajpayee Ekana Cricket Stadium, Lucknow",2,18,30,3.6,2,15.0,Excellent
MM Ali,"Brabourne Stadium, Mumbai",3,43,36,7.17,1,36.0,Good
MM Ali,"Dr DY Patil Sports Academy, Mumbai",3,42,48,5.25,3,16.0,Excellent
MM Ali,"Eden Gardens, Kolkata",1,20,6,20.0,1,6.0,Excellent
MM Ali,"M.Chinnaswamy Stadium, Bengaluru",1,13,6,13.0,1,6.0,Excellent
MM Ali,"MA Chidambaram Stadium, Chennai",9,178,133,8.03,5,26.6,Average
MM Ali,"Maharashtra Cricket Association Stadium, Pune",2,46,39,7.08,2,19.5,Good
MM Ali,"Rajiv Gandhi International Stadium, Hyderabad",1,23,19,7.26,2,9.5,Excellent
MM Ali,"Sawai Mansingh Stadium, Jaipur",1,17,12,8.5,0,NA,Average
MM Ali,"Wankhede Stadium, Mumbai",2,28,23,7.3,2,11.5,Excellent
MM Sharma,"Arun Jaitley Stadium, Delhi",1,73,25,17.52,0,NA,Bad
MM Sharma,"Bharat Ratna Shri Atal Bihari Vajpayee Ekana Cricket Stadium, Lucknow",2,51,36,8.5,4,9.0,Excellent
MM Sharma,"Eden Gardens, Kolkata",1,12,6,12.0,0,NA,Bad
MM Sharma,"M.Chinnaswamy Stadium, Bengaluru",2,86,38,13.58,0,NA,Bad
MM Sharma,"MA Chidambaram Stadium, Chennai",2,67,49,8.2,4,12.25,Average
MM Sharma,"Maharaja Yadavindra Singh International Cricket Stadium, Mullanpur",1,33,25,7.92,3,8.333333333333334,Excellent
MM Sharma,"Narendra Modi Stadium, Ahmedabad",12,351,253,8.32,31,8.161290322580646,Excellent
MM Sharma,"Punjab Cricket Association IS Bindra Stadium, Mohali",1,18,24,4.5,2,12.0,Excellent
MM Sharma,"Sawai Mansingh Stadium, Jaipur",2,56,33,10.18,2,16.5,Bad
MM Sharma,"Wankhede Stadium, Mumbai",1,43,24,10.75,1,24.0,Poor
MP Stoinis,"Bharat Ratna Shri Atal Bihari Vajpayee Ekana Cricket Stadium, Lucknow",7,99,79,7.52,5,15.8,Good
MP Stoinis,"Brabourne Stadium, Mumbai",2,28,18,9.33,1,18.0,Average
MP Stoinis,"Dr DY Patil Sports Academy, Mumbai",2,37,19,11.68,3,6.333333333333333,Excellent
MP Stoinis,"M.Chinnaswamy Stadium, Bengaluru",1,9,7,7.71,1,7.0,Excellent
MP Stoinis,"MA Chidambaram Stadium, Chennai",1,50,25,12.0,1,25.0,Bad
MP Stoinis,"Narendra Modi Stadium, Ahmedabad",1,20,6,20.0,0,NA,Bad
MP Stoinis,"Punjab Cricket Association IS Bindra Stadium, Mohali",1,22,15,8.8,1,15.0,Good
MP Stoinis,"Sawai Mansingh Stadium, Jaipur",1,28,24,7.0,2,12.0,Excellent
MP Stoinis,"Wankhede Stadium, Mumbai",1,14,7,12.0,0,NA,Bad
MP Yadav,"Bharat Ratna Shri Atal Bihari Vajpayee Ekana Cricket Stadium, Lucknow",3,73,52,8.42,4,13.0,Good
MP Yadav,"M.Chinnaswamy Stadium, Bengaluru",1,15,24,3.75,4,6.0,Excellent
MR Marsh,"Arun Jaitley Stadium, Delhi",5,118,86,8.23,7,12.285714285714286,Average
MR Marsh,"Brabourne Stadium, Mumbai",1,36,25,8.64,1,25.0,Average
MR Marsh,"Dr DY Patil Sports Academy, Mumbai",2,59,39,9.08,3,13.0,Good
MR Marsh,Dr YS Rajasekhara Reddy Cricket Stadium (Visakhapatnam) ,1,14,7,12.0,0,NA,Bad
MR Marsh,"Dr. Y.S. Rajasekhara Reddy ACA-VDCA Cricket Stadium, Visakhapatnam",1,37,22,10.09,1,22.0,Poor
MR Marsh,"M.Chinnaswamy Stadium, Bengaluru",1,19,12,9.5,2,6.0,Excellent
MR Marsh,"MA Chidambaram Stadium, Chennai",1,19,21,5.43,3,7.0,Excellent
MR Marsh,"Maharaja Yadavindra Singh International Cricket Stadium, Mullanpur",1,52,25,12.48,0,NA,Bad
MR Marsh,"Rajiv Gandhi International Stadium, Hyderabad",1,16,13,7.38,0,NA,Good
MR Marsh,"Wankhede Stadium, Mumbai",1,7,12,3.5,0,NA,Excellent
MW Short,"Bharat Ratna Shri Atal Bihari Vajpayee Ekana Cricket Stadium, Lucknow",1,10,12,5.0,0,NA,Excellent
MW Short,"Punjab Cricket Association IS Bindra Stadium, Mohali",1,8,6,8.0,0,NA,Average
MW Short,"Wankhede Stadium, Mumbai",1,7,7,6.0,0,NA,Excellent
Mayank Dagar,"M.Chinnaswamy Stadium, Bengaluru",3,82,48,10.25,1,48.0,Bad
Mayank Dagar,"MA Chidambaram Stadium, Chennai",2,27,30,5.4,0,NA,Excellent
Mayank Dagar,"Rajiv Gandhi International Stadium, Hyderabad",1,25,24,6.25,0,NA,Excellent
Mayank Dagar,"Sawai Mansingh Stadium, Jaipur",1,34,12,17.0,0,NA,Bad
Mayank Dagar,"Wankhede Stadium, Mumbai",1,37,24,9.25,1,24.0,Poor
Mohammad Nabi,"Arun Jaitley Stadium, Delhi",1,20,12,10.0,1,12.0,Excellent
Mohammad Nabi,"Bharat Ratna Shri Atal Bihari Vajpayee Ekana Cricket Stadium, Lucknow",1,16,8,12.0,1,8.0,Excellent
Mohammad Nabi,"Sawai Mansingh Stadium, Jaipur",1,31,18,10.33,0,NA,Bad
Mohammad Nabi,"Wankhede Stadium, Mumbai",3,43,36,7.17,0,NA,Good
Mohammed Shami,"Arun Jaitley Stadium, Delhi",1,41,28,8.79,3,9.333333333333334,Excellent
Mohammed Shami,"Bharat Ratna Shri Atal Bihari Vajpayee Ekana Cricket Stadium, Lucknow",1,19,18,6.33,0,NA,Excellent
Mohammed Shami,"Brabourne Stadium, Mumbai",3,119,75,9.52,2,37.5,Poor
Mohammed Shami,"Dr DY Patil Sports Academy, Mumbai",4,134,97,8.29,4,24.25,Average
Mohammed Shami,"Eden Gardens, Kolkata",2,76,50,9.12,4,12.5,Poor
Mohammed Shami,"M.Chinnaswamy Stadium, Bengaluru",1,40,25,9.6,1,25.0,Poor
Mohammed Shami,"MA Chidambaram Stadium, Chennai",1,30,25,7.2,2,12.5,Good
Mohammed Shami,"Maharashtra Cricket Association Stadium, Pune",3,55,69,4.78,4,17.25,Excellent
Mohammed Shami,"Narendra Modi Stadium, Ahmedabad",10,277,232,7.16,19,12.210526315789474,Good
Mohammed Shami,"Punjab Cricket Association IS Bindra Stadium, Mohali",1,44,25,10.56,1,25.0,Bad
Mohammed Shami,"Sawai Mansingh Stadium, Jaipur",1,27,26,6.23,1,26.0,Excellent
Mohammed Shami,"Wankhede Stadium, Mumbai",5,161,111,8.7,8,13.875,Good
Mohammed Siraj,"Arun Jaitley Stadium, Delhi",1,29,13,13.38,0,NA,Bad
Mohammed Siraj,"Bharat Ratna Shri Atal Bihari Vajpayee Ekana Cricket Stadium, Lucknow",1,25,22,6.82,1,22.0,Excellent
Mohammed Siraj,"Brabourne Stadium, Mumbai",3,90,52,10.38,0,NA,Bad
Mohammed Siraj,"Dr DY Patil Sports Academy, Mumbai",4,157,104,9.06,4,26.0,Poor
Mohammed Siraj,"Eden Gardens, Kolkata",3,136,80,10.2,3,26.666666666666668,Bad
Mohammed Siraj,Himachal Pradesh Cricket Association Stadium (Dharamsala),1,43,26,9.92,3,8.666666666666666,Excellent
Mohammed Siraj,"M.Chinnaswamy Stadium, Bengaluru",13,430,333,7.75,19,17.526315789473685,Good
Mohammed Siraj,"MA Chidambaram Stadium, Chennai",1,38,25,9.12,0,NA,Poor
Mohammed Siraj,"Maharashtra Cricket Association Stadium, Pune",3,103,62,9.97,2,31.0,Poor
Mohammed Siraj,"Narendra Modi Stadium, Ahmedabad",3,99,67,8.87,3,22.33333333333333,Average
Mohammed Siraj,"Punjab Cricket Association IS Bindra Stadium, Mohali",1,22,24,5.5,4,6.0,Excellent
Mohammed Siraj,"Rajiv Gandhi International Stadium, Hyderabad",2,39,52,4.5,1,52.0,Excellent
Mohammed Siraj,"Sawai Mansingh Stadium, Jaipur",2,45,38,7.11,2,19.0,Good
Mohammed Siraj,"Wankhede Stadium, Mumbai",5,171,106,9.68,2,53.0,Poor
Mohit Rathee,"Rajiv Gandhi International Stadium, Hyderabad",1,29,12,14.5,0,NA,Bad
Mohsin Khan,"Arun Jaitley Stadium, Delhi",1,29,24,7.25,0,NA,Good
Mohsin Khan,"Bharat Ratna Shri Atal Bihari Vajpayee Ekana Cricket Stadium, Lucknow",6,213,133,9.61,6,22.166666666666668,Poor
Mohsin Khan,"Brabourne Stadium, Mumbai",1,43,25,10.32,0,NA,Bad
Mohsin Khan,"Dr DY Patil Sports Academy, Mumbai",1,20,25,4.8,3,8.333333333333334,Excellent
Mohsin Khan,"Eden Gardens, Kolkata",3,69,56,7.39,3,18.666666666666668,Good
Mohsin Khan,"MA Chidambaram Stadium, Chennai",2,78,42,11.14,2,21.0,Poor
Mohsin Khan,"Maharashtra Cricket Association Stadium, Pune",3,53,68,4.68,5,13.6,Excellent
Mohsin Khan,"Narendra Modi Stadium, Ahmedabad",1,42,20,12.6,1,20.0,Average
Mohsin Khan,"Sawai Mansingh Stadium, Jaipur",1,45,25,10.8,1,25.0,Bad
Mohsin Khan,"Wankhede Stadium, Mumbai",4,106,89,7.15,6,14.833333333333334,Good
Mukesh Choudhary,"Brabourne Stadium, Mumbai",3,132,75,10.56,1,75.0,Bad
Mukesh Choudhary,"Dr DY Patil Sports Academy, Mumbai",4,111,81,8.22,7,11.571428571428571,Excellent
Mukesh Choudhary,"Maharashtra Cricket Association Stadium, Pune",3,94,63,8.95,5,12.6,Average
Mukesh Choudhary,"Rajiv Gandhi International Stadium, Hyderabad",1,27,7,23.14,0,NA,Bad
Mukesh Choudhary,"Wankhede Stadium, Mumbai",3,88,72,7.33,3,24.0,Good
Mukesh Kumar,"Arun Jaitley Stadium, Delhi",11,406,223,10.92,17,13.117647058823527,Good
Mukesh Kumar,"Barsapara Cricket Stadium, Guwahati",1,37,24,9.25,2,12.0,Excellent
Mukesh Kumar,"Bharat Ratna Shri Atal Bihari Vajpayee Ekana Cricket Stadium, Lucknow",2,75,50,9.0,1,50.0,Poor
Mukesh Kumar,Dr YS Rajasekhara Reddy Cricket Stadium (Visakhapatnam) ,1,21,19,6.63,3,6.333333333333333,Excellent
Mukesh Kumar,Himachal Pradesh Cricket Association Stadium (Dharamsala),1,53,25,12.72,1,25.0,Bad
Mukesh Kumar,"M.Chinnaswamy Stadium, Bengaluru",1,24,18,8.0,3,6.0,Excellent
Mukesh Kumar,"Narendra Modi Stadium, Ahmedabad",1,15,18,5.0,3,6.0,Excellent
Mukesh Kumar,"Rajiv Gandhi International Stadium, Hyderabad",1,27,18,9.0,0,NA,Poor
Mukesh Kumar,"Sawai Mansingh Stadium, Jaipur",1,49,25,11.76,1,25.0,Bad
Mustafizur Rahman,"Arun Jaitley Stadium, Delhi",1,38,24,9.5,1,24.0,Poor
Mustafizur Rahman,"Bharat Ratna Shri Atal Bihari Vajpayee Ekana Cricket Stadium, Lucknow",1,43,26,9.92,1,26.0,Poor
Mustafizur Rahman,"Brabourne Stadium, Mumbai",2,49,48,6.12,2,24.0,Excellent
Mustafizur Rahman,"Dr DY Patil Sports Academy, Mumbai",1,26,26,6.0,0,NA,Excellent
Mustafizur Rahman,Dr YS Rajasekhara Reddy Cricket Stadium (Visakhapatnam) ,1,50,27,11.11,1,27.0,Bad
Mustafizur Rahman,"M.Chinnaswamy Stadium, Bengaluru",1,41,18,13.67,0,NA,Bad
Mustafizur Rahman,"MA Chidambaram Stadium, Chennai",6,176,145,7.28,11,13.181818181818182,Good
Mustafizur Rahman,"Maharashtra Cricket Association Stadium, Pune",1,26,25,6.24,3,8.333333333333334,Excellent
Mustafizur Rahman,"Wankhede Stadium, Mumbai",5,202,127,9.54,5,25.4,Poor
N Burger,"MA Chidambaram Stadium, Chennai",1,21,18,7.0,1,18.0,Good
N Burger,"Sawai Mansingh Stadium, Jaipur",3,98,62,9.48,4,15.5,Good
N Burger,"Wankhede Stadium, Mumbai",1,33,25,7.92,2,12.5,Good
N Rana,"Arun Jaitley Stadium, Delhi",1,17,24,4.25,2,12.0,Excellent
N Rana,"Dr DY Patil Sports Academy, Mumbai",1,9,6,9.0,0,NA,Poor
N Rana,"Eden Gardens, Kolkata",4,50,24,12.5,1,24.0,Poor
N Rana,"M.Chinnaswamy Stadium, Bengaluru",1,8,6,8.0,0,NA,Average
N Rana,"Wankhede Stadium, Mumbai",1,14,6,14.0,0,NA,Bad
N Thushara,"Arun Jaitley Stadium, Delhi",1,56,26,12.92,0,NA,Bad
N Thushara,"Bharat Ratna Shri Atal Bihari Vajpayee Ekana Cricket Stadium, Lucknow",1,30,26,6.92,1,26.0,Excellent
N Thushara,"Eden Gardens, Kolkata",1,31,20,9.3,1,20.0,Average
N Thushara,"Sawai Mansingh Stadium, Jaipur",1,28,18,9.33,0,NA,Poor
N Thushara,"Wankhede Stadium, Mumbai",3,114,82,8.34,6,13.666666666666666,Good
N Wadhera,"Wankhede Stadium, Mumbai",1,13,12,6.5,0,NA,Excellent
NA Saini,"Rajiv Gandhi International Stadium, Hyderabad",1,35,15,14.0,0,NA,Bad
NM Coulter-Nile,"Maharashtra Cricket Association Stadium, Pune",1,49,20,14.7,0,NA,Bad
NT Ellis,"Arun Jaitley Stadium, Delhi",1,26,25,6.24,2,12.5,Excellent
NT Ellis,"Barsapara Cricket Stadium, Guwahati",2,54,48,6.75,5,9.6,Excellent
NT Ellis,"Brabourne Stadium, Mumbai",1,15,14,6.43,0,NA,Excellent
NT Ellis,"Eden Gardens, Kolkata",1,30,24,7.5,1,24.0,Good
NT Ellis,Himachal Pradesh Cricket Association Stadium (Dharamsala),2,80,49,9.8,1,49.0,Poor
NT Ellis,"Punjab Cricket Association IS Bindra Stadium, Mohali",3,104,69,9.04,4,17.25,Average
NT Ellis,"Rajiv Gandhi International Stadium, Hyderabad",1,28,18,9.33,0,NA,Poor
NT Ellis,"Wankhede Stadium, Mumbai",2,86,50,10.32,5,10.0,Excellent
Naman Dhir,"Narendra Modi Stadium, Ahmedabad",1,13,6,13.0,0,NA,Bad
Naman Dhir,"Wankhede Stadium, Mumbai",2,42,23,10.96,0,NA,Bad
Navdeep Saini,"Dr DY Patil Sports Academy, Mumbai",1,36,20,10.8,2,10.0,Excellent
Navdeep Saini,Himachal Pradesh Cricket Association Stadium (Dharamsala),1,40,25,9.6,3,8.333333333333334,Excellent
Navdeep Saini,"Wankhede Stadium, Mumbai",1,37,19,11.68,1,19.0,Average
Naveen-ul-Haq,"Arun Jaitley Stadium, Delhi",1,51,25,12.24,2,12.5,Bad
Naveen-ul-Haq,"Bharat Ratna Shri Atal Bihari Vajpayee Ekana Cricket Stadium, Lucknow",8,261,191,8.2,11,17.363636363636363,Average
Naveen-ul-Haq,"Eden Gardens, Kolkata",1,46,24,11.5,0,NA,Bad
Naveen-ul-Haq,"M.Chinnaswamy Stadium, Bengaluru",1,26,23,6.78,2,11.5,Excellent
Naveen-ul-Haq,"MA Chidambaram Stadium, Chennai",1,39,27,8.67,4,6.75,Excellent
Naveen-ul-Haq,"Punjab Cricket Association IS Bindra Stadium, Mohali",1,31,26,7.15,3,8.666666666666666,Excellent
Naveen-ul-Haq,"Rajiv Gandhi International Stadium, Hyderabad",1,37,12,18.5,0,NA,Bad
Naveen-ul-Haq,"Sawai Mansingh Stadium, Jaipur",2,61,53,6.91,2,26.5,Excellent
Naveen-ul-Haq,"Wankhede Stadium, Mumbai",1,50,26,11.54,2,13.0,Good
Nithish Kumar Reddy,"Arun Jaitley Stadium, Delhi",1,17,14,7.29,2,7.0,Excellent
Nithish Kumar Reddy,"MA Chidambaram Stadium, Chennai",1,9,7,7.71,0,NA,Good
Nithish Kumar Reddy,"Maharaja Yadavindra Singh International Cricket Stadium, Mullanpur",1,33,19,10.42,1,19.0,Average
Nithish Kumar Reddy,"Narendra Modi Stadium, Ahmedabad",1,13,6,13.0,0,NA,Bad
Nithish Kumar Reddy,"Rajiv Gandhi International Stadium, Hyderabad",3,85,42,12.14,1,42.0,Bad
Nithish Kumar Reddy,"Wankhede Stadium, Mumbai",2,51,30,10.2,0,NA,Bad
Noor Ahmad,"Arun Jaitley Stadium, Delhi",1,36,19,11.37,1,19.0,Average
Noor Ahmad,"Bharat Ratna Shri Atal Bihari Vajpayee Ekana Cricket Stadium, Lucknow",2,40,48,5.0,2,24.0,Excellent
Noor Ahmad,"Eden Gardens, Kolkata",1,21,25,5.04,2,12.5,Excellent
Noor Ahmad,"M.Chinnaswamy Stadium, Bengaluru",2,64,50,7.68,4,12.5,Good
Noor Ahmad,"MA Chidambaram Stadium, Chennai",1,29,24,7.25,1,24.0,Good
Noor Ahmad,"Maharaja Yadavindra Singh International Cricket Stadium, Mullanpur",1,20,24,5.0,2,12.0,Excellent
Noor Ahmad,"Narendra Modi Stadium, Ahmedabad",12,356,253,8.44,10,25.3,Average
Noor Ahmad,"Sawai Mansingh Stadium, Jaipur",2,68,46,8.87,2,23.0,Average
Noor Ahmad,"Wankhede Stadium, Mumbai",1,38,24,9.5,0,NA,Poor
OC McCoy,"Brabourne Stadium, Mumbai",3,97,80,7.28,6,13.333333333333334,Good
OC McCoy,"Eden Gardens, Kolkata",1,40,28,8.57,1,28.0,Average
OC McCoy,"Narendra Modi Stadium, Ahmedabad",2,49,44,6.68,3,14.666666666666666,Excellent
OC McCoy,"Sawai Mansingh Stadium, Jaipur",1,13,7,11.14,0,NA,Bad
OC McCoy,"Wankhede Stadium, Mumbai",1,56,21,16.0,1,21.0,Poor
OF Smith,"Brabourne Stadium, Mumbai",2,49,31,9.48,2,15.5,Good
OF Smith,"Dr DY Patil Sports Academy, Mumbai",2,61,31,11.81,0,NA,Bad
OF Smith,"Maharashtra Cricket Association Stadium, Pune",1,30,20,9.0,4,5.0,Excellent
OF Smith,"Wankhede Stadium, Mumbai",1,39,13,18.0,1,13.0,Good
P Dubey,"Arun Jaitley Stadium, Delhi",1,19,19,6.0,1,19.0,Excellent
PH Solanki,"Brabourne Stadium, Mumbai",1,21,12,10.5,2,6.0,Excellent
PH Solanki,"Wankhede Stadium, Mumbai",1,18,24,4.5,0,NA,Excellent
PJ Cummins,"Arun Jaitley Stadium, Delhi",1,35,24,8.75,0,NA,Average
PJ Cummins,"Brabourne Stadium, Mumbai",3,144,77,11.22,2,38.5,Bad
PJ Cummins,"Dr DY Patil Sports Academy, Mumbai",1,26,25,6.24,4,6.25,Excellent
PJ Cummins,"Eden Gardens, Kolkata",1,32,24,8.0,1,24.0,Average
PJ Cummins,"M.Chinnaswamy Stadium, Bengaluru",1,43,25,10.32,3,8.333333333333334,Excellent
PJ Cummins,"MA Chidambaram Stadium, Chennai",3,98,63,9.33,2,31.5,Poor
PJ Cummins,"Maharaja Yadavindra Singh International Cricket Stadium, Mullanpur",1,22,24,5.5,1,24.0,Excellent
PJ Cummins,"Maharashtra Cricket Association Stadium, Pune",1,49,25,11.76,2,12.5,Bad
PJ Cummins,"Narendra Modi Stadium, Ahmedabad",2,70,44,9.55,2,22.0,Poor
PJ Cummins,"Rajiv Gandhi International Stadium, Hyderabad",6,236,146,9.7,8,18.25,Average
PJ Cummins,"Wankhede Stadium, Mumbai",1,35,25,8.4,1,25.0,Average
PJ Sangwan,"Brabourne Stadium, Mumbai",2,43,44,5.86,3,14.666666666666666,Excellent
PJ Sangwan,"Dr DY Patil Sports Academy, Mumbai",1,23,12,11.5,0,NA,Bad
PP Chawla,"Arun Jaitley Stadium, Delhi",2,58,50,6.96,4,12.5,Excellent
PP Chawla,"Bharat Ratna Shri Atal Bihari Vajpayee Ekana Cricket Stadium, Lucknow",2,49,36,8.17,1,36.0,Average
PP Chawla,"Eden Gardens, Kolkata",1,28,18,9.33,2,9.0,Excellent
PP Chawla,"M.Chinnaswamy Stadium, Bengaluru",1,26,24,6.5,0,NA,Excellent
PP Chawla,"MA Chidambaram Stadium, Chennai",2,57,50,6.84,4,12.5,Excellent
PP Chawla,"Narendra Modi Stadium, Ahmedabad",3,110,63,10.48,4,15.75,Good
PP Chawla,"Punjab Cricket Association IS Bindra Stadium, Mohali",1,29,24,7.25,2,12.0,Excellent
PP Chawla,"Rajiv Gandhi International Stadium, Hyderabad",2,77,36,12.83,3,12.0,Excellent
PP Chawla,"Sawai Mansingh Stadium, Jaipur",1,33,24,8.25,1,24.0,Average
PP Chawla,"Wankhede Stadium, Mumbai",12,344,261,7.91,15,17.4,Good
PVD Chameera,"Brabourne Stadium, Mumbai",3,132,69,11.48,3,23.0,Poor
PVD Chameera,"Dr DY Patil Sports Academy, Mumbai",1,33,19,10.42,2,9.5,Excellent
PVD Chameera,"Eden Gardens, Kolkata",2,103,44,14.05,0,NA,Bad
PVD Chameera,"Maharashtra Cricket Association Stadium, Pune",3,65,70,5.57,3,23.33333333333333,Excellent
PVD Chameera,"Wankhede Stadium, Mumbai",4,109,95,6.88,3,31.666666666666668,Excellent
PWH de Silva,"Arun Jaitley Stadium, Delhi",1,32,24,8.0,0,NA,Average
PWH de Silva,"Bharat Ratna Shri Atal Bihari Vajpayee Ekana Cricket Stadium, Lucknow",1,20,24,5.0,1,24.0,Excellent
PWH de Silva,"Brabourne Stadium, Mumbai",3,50,54,5.56,4,13.5,Excellent
PWH de Silva,"Dr DY Patil Sports Academy, Mumbai",4,122,80,9.15,7,11.428571428571429,Excellent
PWH de Silva,"Eden Gardens, Kolkata",1,42,24,10.5,1,24.0,Poor
PWH de Silva,"M.Chinnaswamy Stadium, Bengaluru",4,115,78,8.85,4,19.5,Average
PWH de Silva,"Maharashtra Cricket Association Stadium, Pune",3,82,67,7.34,5,13.4,Good
PWH de Silva,"Narendra Modi Stadium, Ahmedabad",1,26,24,6.5,1,24.0,Excellent
PWH de Silva,"Punjab Cricket Association IS Bindra Stadium, Mohali",1,39,24,9.75,2,12.0,Excellent
PWH de Silva,"Wankhede Stadium, Mumbai",5,170,122,8.36,11,11.090909090909092,Excellent
R Ashwin,"Arun Jaitley Stadium, Delhi",1,24,24,6.0,3,8.0,Excellent
R Ashwin,"Barsapara Cricket Stadium, Guwahati",3,81,76,6.39,4,19.0,Excellent
R Ashwin,"Bharat Ratna Shri Atal Bihari Vajpayee Ekana Cricket Stadium, Lucknow",1,40,26,9.23,1,26.0,Poor
R Ashwin,"Brabourne Stadium, Mumbai",3,90,75,7.2,3,25.0,Good
R Ashwin,"Dr DY Patil Sports Academy, Mumbai",4,117,99,7.09,2,49.5,Good
R Ashwin,"Eden Gardens, Kolkata",3,121,80,9.07,1,80.0,Poor
R Ashwin,"M.Chinnaswamy Stadium, Bengaluru",1,37,25,8.88,1,25.0,Average
R Ashwin,"MA Chidambaram Stadium, Chennai",3,103,75,8.24,4,18.75,Average
R Ashwin,"Maharashtra Cricket Association Stadium, Pune",2,38,49,4.65,3,16.333333333333332,Excellent
R Ashwin,"Narendra Modi Stadium, Ahmedabad",4,120,93,7.74,3,31.0,Good
R Ashwin,"Rajiv Gandhi International Stadium, Hyderabad",2,63,51,7.41,1,51.0,Good
R Ashwin,"Sawai Mansingh Stadium, Jaipur",10,299,225,7.97,6,37.5,Good
R Ashwin,"Wankhede Stadium, Mumbai",7,212,176,7.23,5,35.2,Good
R Dhawan,"Arun Jaitley Stadium, Delhi",1,10,6,10.0,0,NA,Bad
R Dhawan,"Brabourne Stadium, Mumbai",1,36,24,9.0,2,12.0,Excellent
R Dhawan,"Dr DY Patil Sports Academy, Mumbai",2,43,39,6.62,1,39.0,Excellent
R Dhawan,"Eden Gardens, Kolkata",1,15,12,7.5,0,NA,Good
R Dhawan,"Maharashtra Cricket Association Stadium, Pune",1,17,12,8.5,0,NA,Average
R Dhawan,"Punjab Cricket Association IS Bindra Stadium, Mohali",2,39,24,9.75,1,24.0,Poor
R Dhawan,"Rajiv Gandhi International Stadium, Hyderabad",1,39,19,12.32,0,NA,Bad
R Dhawan,"Wankhede Stadium, Mumbai",2,68,44,9.27,3,14.666666666666666,Good
R Goyal,"MA Chidambaram Stadium, Chennai",1,34,24,8.5,0,NA,Average
R Parag,"Arun Jaitley Stadium, Delhi",1,17,13,7.85,0,NA,Good
R Parag,"Dr DY Patil Sports Academy, Mumbai",2,23,12,11.5,1,12.0,Excellent
R Parag,"Maharashtra Cricket Association Stadium, Pune",1,14,6,14.0,0,NA,Bad
R Parag,"Sawai Mansingh Stadium, Jaipur",1,10,6,10.0,0,NA,Bad
R Parag,"Wankhede Stadium, Mumbai",1,22,8,16.5,0,NA,Bad
R Powell,"Barsapara Cricket Stadium, Guwahati",1,18,14,7.71,1,14.0,Good
R Powell,"Brabourne Stadium, Mumbai",1,17,7,14.57,0,NA,Bad
R Ravindra,"MA Chidambaram Stadium, Chennai",1,4,6,4.0,0,NA,Excellent
R Ravindra,"Rajiv Gandhi International Stadium, Hyderabad",1,3,6,3.0,0,NA,Excellent
R Sai Kishore,"Arun Jaitley Stadium, Delhi",1,22,6,22.0,0,NA,Bad
R Sai Kishore,"Eden Gardens, Kolkata",1,43,25,10.32,1,25.0,Bad
R Sai Kishore,"MA Chidambaram Stadium, Chennai",1,28,20,8.4,1,20.0,Average
R Sai Kishore,"Maharaja Yadavindra Singh International Cricket Stadium, Mullanpur",1,33,25,7.92,4,6.25,Excellent
R Sai Kishore,"Maharashtra Cricket Association Stadium, Pune",1,7,12,3.5,2,6.0,Excellent
R Sai Kishore,"Narendra Modi Stadium, Ahmedabad",3,74,54,8.22,4,13.5,Good
R Sai Kishore,"Wankhede Stadium, Mumbai",2,52,49,6.37,1,49.0,Excellent
R Sanjay Yadav,"Wankhede Stadium, Mumbai",1,23,14,9.86,0,NA,Poor
R Shepherd,"Dr DY Patil Sports Academy, Mumbai",1,42,25,10.08,3,8.333333333333334,Excellent
R Shepherd,"Maharaja Yadavindra Singh International Cricket Stadium, Mullanpur",1,21,12,10.5,0,NA,Bad
R Shepherd,"Maharashtra Cricket Association Stadium, Pune",1,33,25,7.92,1,25.0,Good
R Shepherd,"Wankhede Stadium, Mumbai",5,164,71,13.86,2,35.5,Bad
R Tewatia,"Bharat Ratna Shri Atal Bihari Vajpayee Ekana Cricket Stadium, Lucknow",1,8,7,6.86,0,NA,Excellent
R Tewatia,"Brabourne Stadium, Mumbai",2,35,12,17.5,0,NA,Bad
R Tewatia,"Dr DY Patil Sports Academy, Mumbai",2,19,12,9.5,1,12.0,Excellent
R Tewatia,"Maharashtra Cricket Association Stadium, Pune",1,22,12,11.0,0,NA,Bad
R Tewatia,"Narendra Modi Stadium, Ahmedabad",1,7,7,6.0,0,NA,Excellent
RA Jadeja,"Arun Jaitley Stadium, Delhi",1,50,25,12.0,1,25.0,Bad
RA Jadeja,"Bharat Ratna Shri Atal Bihari Vajpayee Ekana Cricket Stadium, Lucknow",2,43,37,6.97,1,37.0,Excellent
RA Jadeja,"Brabourne Stadium, Mumbai",2,55,39,8.46,1,39.0,Average
RA Jadeja,"Dr DY Patil Sports Academy, Mumbai",3,90,66,8.18,3,22.0,Average
RA Jadeja,Dr YS Rajasekhara Reddy Cricket Stadium (Visakhapatnam) ,1,43,24,10.75,1,24.0,Poor
RA Jadeja,"Eden Gardens, Kolkata",1,34,18,11.33,1,18.0,Average
RA Jadeja,Himachal Pradesh Cricket Association Stadium (Dharamsala),1,20,24,5.0,3,8.0,Excellent
RA Jadeja,"M.Chinnaswamy Stadium, Bengaluru",2,77,42,11.0,0,NA,Bad
RA Jadeja,"MA Chidambaram Stadium, Chennai",15,321,306,6.29,15,20.4,Excellent
RA Jadeja,"Maharashtra Cricket Association Stadium, Pune",3,64,60,6.4,2,30.0,Excellent
RA Jadeja,"Narendra Modi Stadium, Ahmedabad",3,96,60,9.6,2,30.0,Poor
RA Jadeja,"Rajiv Gandhi International Stadium, Hyderabad",1,30,24,7.5,0,NA,Good
RA Jadeja,"Sawai Mansingh Stadium, Jaipur",1,32,25,7.68,1,25.0,Good
RA Jadeja,"Wankhede Stadium, Mumbai",4,100,86,6.98,3,28.666666666666668,Excellent
RD Chahar,"Arun Jaitley Stadium, Delhi",1,17,25,4.08,2,12.5,Excellent
RD Chahar,"Barsapara Cricket Stadium, Guwahati",2,57,48,7.12,2,24.0,Good
RD Chahar,"Bharat Ratna Shri Atal Bihari Vajpayee Ekana Cricket Stadium, Lucknow",2,70,37,11.35,1,37.0,Bad
RD Chahar,"Brabourne Stadium, Mumbai",4,124,91,8.18,7,13.0,Good
RD Chahar,"Dr DY Patil Sports Academy, Mumbai",4,84,83,6.07,3,27.666666666666668,Excellent
RD Chahar,"Eden Gardens, Kolkata",2,57,49,6.98,3,16.333333333333332,Excellent
RD Chahar,Himachal Pradesh Cricket Association Stadium (Dharamsala),4,133,90,8.87,4,22.5,Average
RD Chahar,"M.Chinnaswamy Stadium, Bengaluru",1,16,6,16.0,0,NA,Bad
RD Chahar,"MA Chidambaram Stadium, Chennai",2,51,48,6.38,3,16.0,Excellent
RD Chahar,"Maharaja Yadavindra Singh International Cricket Stadium, Mullanpur",1,33,24,8.25,1,24.0,Average
RD Chahar,"Maharashtra Cricket Association Stadium, Pune",2,74,48,9.25,2,24.0,Poor
RD Chahar,"Punjab Cricket Association IS Bindra Stadium, Mohali",5,121,96,7.56,1,96.0,Good
RD Chahar,"Rajiv Gandhi International Stadium, Hyderabad",2,71,43,9.91,1,43.0,Poor
RD Chahar,"Wankhede Stadium, Mumbai",4,125,92,8.15,2,46.0,Average
RJ Gleeson,Himachal Pradesh Cricket Association Stadium (Dharamsala),1,41,26,9.46,0,NA,Poor
RJ Gleeson,"MA Chidambaram Stadium, Chennai",1,31,25,7.44,1,25.0,Good
RJW Topley,"M.Chinnaswamy Stadium, Bengaluru",3,121,63,11.52,3,21.0,Poor
RJW Topley,"Sawai Mansingh Stadium, Jaipur",1,27,25,6.48,2,12.5,Excellent
RJW Topley,"Wankhede Stadium, Mumbai",1,34,19,10.74,0,NA,Bad
RP Meredith,"Arun Jaitley Stadium, Delhi",1,35,23,9.13,2,11.5,Excellent
RP Meredith,"Brabourne Stadium, Mumbai",1,34,25,8.16,1,25.0,Average
RP Meredith,"Dr DY Patil Sports Academy, Mumbai",3,85,73,6.99,3,24.33333333333333,Excellent
RP Meredith,"Narendra Modi Stadium, Ahmedabad",1,49,26,11.31,1,26.0,Bad
RP Meredith,"Rajiv Gandhi International Stadium, Hyderabad",1,34,27,7.56,2,13.5,Good
RP Meredith,"Wankhede Stadium, Mumbai",6,213,133,9.61,8,16.625,Poor
RS Hangargekar,"MA Chidambaram Stadium, Chennai",1,24,15,9.6,0,NA,Poor
RS Hangargekar,"Narendra Modi Stadium, Ahmedabad",1,36,28,7.71,3,9.333333333333334,Excellent
Ramandeep Singh,"Eden Gardens, Kolkata",1,9,4,13.5,0,NA,Bad
Ramandeep Singh,"Wankhede Stadium, Mumbai",3,55,41,8.05,6,6.833333333333333,Excellent
Rashid Khan,"Arun Jaitley Stadium, Delhi",2,66,48,8.25,3,16.0,Good
Rashid Khan,"Bharat Ratna Shri Atal Bihari Vajpayee Ekana Cricket Stadium, Lucknow",2,61,48,7.62,2,24.0,Good
Rashid Khan,"Brabourne Stadium, Mumbai",3,75,72,6.25,6,12.0,Excellent
Rashid Khan,"Dr DY Patil Sports Academy, Mumbai",4,98,96,6.12,3,32.0,Excellent
Rashid Khan,"Eden Gardens, Kolkata",2,69,49,8.45,0,NA,Average
Rashid Khan,"M.Chinnaswamy Stadium, Bengaluru",2,49,34,8.65,1,34.0,Average
Rashid Khan,"MA Chidambaram Stadium, Chennai",2,86,48,10.75,3,16.0,Good
Rashid Khan,"Maharaja Yadavindra Singh International Cricket Stadium, Mullanpur",1,15,24,3.75,1,24.0,Excellent
Rashid Khan,"Maharashtra Cricket Association Stadium, Pune",3,83,74,6.73,6,12.333333333333334,Excellent
Rashid Khan,"Narendra Modi Stadium, Ahmedabad",16,527,368,8.59,19,19.36842105263158,Average
Rashid Khan,"Punjab Cricket Association IS Bindra Stadium, Mohali",1,27,24,6.75,1,24.0,Excellent
Rashid Khan,"Sawai Mansingh Stadium, Jaipur",2,32,50,3.84,5,10.0,Excellent
Rashid Khan,"Wankhede Stadium, Mumbai",5,169,120,8.45,8,15.0,Good
Rasikh Salam,"Arun Jaitley Stadium, Delhi",4,145,89,9.78,7,12.714285714285714,Poor
Rasikh Salam,"Brabourne Stadium, Mumbai",1,10,6,10.0,0,NA,Bad
Rasikh Salam,Dr YS Rajasekhara Reddy Cricket Stadium (Visakhapatnam) ,1,26,12,13.0,0,NA,Bad
Rasikh Salam,"Dr. Y.S. Rajasekhara Reddy ACA-VDCA Cricket Stadium, Visakhapatnam",1,47,19,14.84,0,NA,Bad
Rasikh Salam,"Eden Gardens, Kolkata",1,30,15,12.0,0,NA,Bad
Rasikh Salam,"M.Chinnaswamy Stadium, Bengaluru",1,23,21,6.57,2,10.5,Excellent
Rasikh Salam,"Maharashtra Cricket Association Stadium, Pune",1,18,18,6.0,0,NA,Excellent
Ravi Bishnoi,"Arun Jaitley Stadium, Delhi",1,26,24,6.5,1,24.0,Excellent
Ravi Bishnoi,"Bharat Ratna Shri Atal Bihari Vajpayee Ekana Cricket Stadium, Lucknow",13,340,274,7.45,15,18.266666666666666,Good
Ravi Bishnoi,"Brabourne Stadium, Mumbai",3,93,74,7.54,6,12.333333333333334,Good
Ravi Bishnoi,"Dr DY Patil Sports Academy, Mumbai",4,134,100,8.04,3,33.333333333333336,Average
Ravi Bishnoi,"Eden Gardens, Kolkata",3,86,67,7.7,3,22.33333333333333,Good
Ravi Bishnoi,"M.Chinnaswamy Stadium, Bengaluru",2,72,45,9.6,0,NA,Poor
Ravi Bishnoi,"MA Chidambaram Stadium, Chennai",3,77,62,7.45,3,20.666666666666668,Good
Ravi Bishnoi,"Maharashtra Cricket Association Stadium, Pune",2,71,45,9.47,2,22.5,Poor
Ravi Bishnoi,"Narendra Modi Stadium, Ahmedabad",1,21,13,9.69,0,NA,Poor
Ravi Bishnoi,"Punjab Cricket Association IS Bindra Stadium, Mohali",1,42,25,10.08,2,12.5,Bad
Ravi Bishnoi,"Rajiv Gandhi International Stadium, Hyderabad",2,57,24,14.25,0,NA,Bad
Ravi Bishnoi,"Sawai Mansingh Stadium, Jaipur",2,65,49,7.96,2,24.5,Good
Ravi Bishnoi,"Wankhede Stadium, Mumbai",5,156,120,7.8,4,30.0,Good
S Dube,"Brabourne Stadium, Mumbai",1,25,8,18.75,0,NA,Bad
S Dube,"MA Chidambaram Stadium, Chennai",1,14,6,14.0,1,6.0,Excellent
S Dube,"Wankhede Stadium, Mumbai",1,15,6,15.0,0,NA,Bad
S Gopal,"Brabourne Stadium, Mumbai",1,34,18,11.33,1,18.0,Average
S Gopal,"Maharaja Yadavindra Singh International Cricket Stadium, Mullanpur",1,26,12,13.0,1,12.0,Excellent
S Gopal,"Wankhede Stadium, Mumbai",2,41,30,8.2,2,15.0,Good
S Joseph,"Eden Gardens, Kolkata",1,51,30,10.2,0,NA,Bad
S Kaul,"Wankhede Stadium, Mumbai",1,43,24,10.75,0,NA,Bad
S Sandeep Warrier,"Arun Jaitley Stadium, Delhi",1,15,19,4.74,3,6.333333333333333,Excellent
S Sandeep Warrier,"Maharaja Yadavindra Singh International Cricket Stadium, Mullanpur",1,21,7,18.0,0,NA,Bad
S Sandeep Warrier,"Narendra Modi Stadium, Ahmedabad",3,86,44,11.73,3,14.666666666666666,Good
SA Abbott,"Brabourne Stadium, Mumbai",1,47,27,10.44,1,27.0,Bad
SH Johnson,"Bharat Ratna Shri Atal Bihari Vajpayee Ekana Cricket Stadium, Lucknow",1,36,25,8.64,0,NA,Average
SH Johnson,"MA Chidambaram Stadium, Chennai",1,35,24,8.75,1,24.0,Average
SH Johnson,"Narendra Modi Stadium, Ahmedabad",2,47,26,10.85,3,8.666666666666666,Excellent
SH Johnson,"Sawai Mansingh Stadium, Jaipur",1,37,24,9.25,0,NA,Poor
SM Curran,"Arun Jaitley Stadium, Delhi",1,18,12,9.0,0,NA,Poor
SM Curran,"Barsapara Cricket Stadium, Guwahati",2,69,42,9.86,3,14.0,Good
SM Curran,"Bharat Ratna Shri Atal Bihari Vajpayee Ekana Cricket Stadium, Lucknow",2,59,50,7.08,6,8.333333333333334,Excellent
SM Curran,"Eden Gardens, Kolkata",2,104,43,14.51,1,43.0,Bad
SM Curran,Himachal Pradesh Cricket Association Stadium (Dharamsala),4,166,95,10.48,5,19.0,Average
SM Curran,"M.Chinnaswamy Stadium, Bengaluru",1,30,18,10.0,1,18.0,Average
SM Curran,"MA Chidambaram Stadium, Chennai",2,87,46,11.35,1,46.0,Bad
SM Curran,Maharaja Yadavindra Singh International Cricket St (Mullanpur) ,1,25,25,6.0,2,12.5,Excellent
SM Curran,"Maharaja Yadavindra Singh International Cricket Stadium, Mullanpur",4,111,70,9.51,5,14.0,Good
SM Curran,"Narendra Modi Stadium, Ahmedabad",1,19,12,9.5,0,NA,Poor
SM Curran,"Punjab Cricket Association IS Bindra Stadium, Mohali",5,176,103,10.25,3,34.333333333333336,Bad
SM Curran,"Rajiv Gandhi International Stadium, Hyderabad",1,14,18,4.67,0,NA,Excellent
SM Curran,"Wankhede Stadium, Mumbai",1,41,19,12.95,0,NA,Bad
SN Thakur,"Brabourne Stadium, Mumbai",4,144,79,10.94,4,19.75,Average
SN Thakur,"Dr DY Patil Sports Academy, Mumbai",4,131,94,8.36,5,18.8,Average
SN Thakur,"Eden Gardens, Kolkata",4,74,38,11.68,3,12.666666666666666,Bad
SN Thakur,Himachal Pradesh Cricket Association Stadium (Dharamsala),1,16,13,7.38,1,13.0,Good
SN Thakur,"M.Chinnaswamy Stadium, Bengaluru",1,62,24,15.5,2,12.0,Excellent
SN Thakur,"MA Chidambaram Stadium, Chennai",6,191,131,8.75,3,43.66666666666666,Average
SN Thakur,"Maharashtra Cricket Association Stadium, Pune",1,42,27,9.33,0,NA,Poor
SN Thakur,"Narendra Modi Stadium, Ahmedabad",2,68,43,9.49,0,NA,Poor
SN Thakur,"Punjab Cricket Association IS Bindra Stadium, Mohali",1,43,25,10.32,0,NA,Bad
SN Thakur,"Rajiv Gandhi International Stadium, Hyderabad",1,23,18,7.67,2,9.0,Excellent
SN Thakur,"Wankhede Stadium, Mumbai",7,228,152,9.0,8,19.0,Average
SP Narine,"Arun Jaitley Stadium, Delhi",1,37,25,8.88,0,NA,Average
SP Narine,"Bharat Ratna Shri Atal Bihari Vajpayee Ekana Cricket Stadium, Lucknow",1,22,25,5.28,1,25.0,Excellent
SP Narine,"Brabourne Stadium, Mumbai",3,70,74,5.68,4,18.5,Excellent
SP Narine,"Dr DY Patil Sports Academy, Mumbai",4,92,97,5.69,1,97.0,Excellent
SP Narine,"Dr. Y.S. Rajasekhara Reddy ACA-VDCA Cricket Stadium, Visakhapatnam",1,30,24,7.5,1,24.0,Good
SP Narine,"Eden Gardens, Kolkata",14,337,306,6.61,14,21.857142857142858,Excellent
SP Narine,"M.Chinnaswamy Stadium, Bengaluru",2,82,48,10.25,1,48.0,Bad
SP Narine,"MA Chidambaram Stadium, Chennai",3,65,72,5.42,4,18.0,Excellent
SP Narine,"Maharashtra Cricket Association Stadium, Pune",3,81,72,6.75,2,36.0,Excellent
SP Narine,"Narendra Modi Stadium, Ahmedabad",2,73,49,8.94,5,9.8,Excellent
SP Narine,"Punjab Cricket Association IS Bindra Stadium, Mohali",1,40,25,9.6,1,25.0,Poor
SP Narine,"Rajiv Gandhi International Stadium, Hyderabad",1,16,12,8.0,0,NA,Average
SP Narine,"Wankhede Stadium, Mumbai",6,139,143,5.83,5,28.6,Excellent
SS Iyer,"Wankhede Stadium, Mumbai",1,7,6,7.0,0,NA,Good
SSB Magala,"MA Chidambaram Stadium, Chennai",1,14,13,6.46,0,NA,Excellent
SSB Magala,"Wankhede Stadium, Mumbai",1,38,24,9.5,1,24.0,Poor
SZ Mulani,"Narendra Modi Stadium, Ahmedabad",1,24,19,7.58,0,NA,Good
SZ Mulani,"Rajiv Gandhi International Stadium, Hyderabad",1,33,14,14.14,0,NA,Bad
Sandeep Sharma,"Arun Jaitley Stadium, Delhi",1,42,24,10.5,3,8.0,Excellent
Sandeep Sharma,"Barsapara Cricket Stadium, Guwahati",2,48,49,5.88,1,49.0,Excellent
Sandeep Sharma,"Bharat Ratna Shri Atal Bihari Vajpayee Ekana Cricket Stadium, Lucknow",1,31,25,7.44,2,12.5,Good
Sandeep Sharma,"Dr DY Patil Sports Academy, Mumbai",2,55,49,6.73,1,49.0,Excellent
Sandeep Sharma,"Eden Gardens, Kolkata",1,34,24,8.5,1,24.0,Average
Sandeep Sharma,Himachal Pradesh Cricket Association Stadium (Dharamsala),1,46,27,10.22,0,NA,Bad
Sandeep Sharma,"M.Chinnaswamy Stadium, Bengaluru",1,49,25,11.76,4,6.25,Excellent
Sandeep Sharma,"MA Chidambaram Stadium, Chennai",3,87,64,8.16,3,21.33333333333333,Average
Sandeep Sharma,"Maharashtra Cricket Association Stadium, Pune",1,18,26,4.15,1,26.0,Excellent
Sandeep Sharma,"Narendra Modi Stadium, Ahmedabad",2,73,49,8.94,4,12.25,Average
Sandeep Sharma,"Rajiv Gandhi International Stadium, Hyderabad",1,31,26,7.15,1,26.0,Good
Sandeep Sharma,"Sawai Mansingh Stadium, Jaipur",8,236,187,7.57,10,18.7,Good
Sandeep Sharma,"Wankhede Stadium, Mumbai",3,118,77,9.19,2,38.5,Poor
Shahbaz Ahmed,"Arun Jaitley Stadium, Delhi",1,22,6,22.0,0,NA,Bad
Shahbaz Ahmed,"Brabourne Stadium, Mumbai",2,66,43,9.21,3,14.333333333333334,Good
Shahbaz Ahmed,"Dr DY Patil Sports Academy, Mumbai",4,66,49,8.08,0,NA,Average
Shahbaz Ahmed,"Eden Gardens, Kolkata",3,59,39,9.08,0,NA,Poor
Shahbaz Ahmed,"M.Chinnaswamy Stadium, Bengaluru",4,69,24,17.25,0,NA,Bad
Shahbaz Ahmed,"MA Chidambaram Stadium, Chennai",3,84,57,8.84,4,14.25,Good
Shahbaz Ahmed,"Maharaja Yadavindra Singh International Cricket Stadium, Mullanpur",1,10,6,10.0,0,NA,Bad
Shahbaz Ahmed,"Maharashtra Cricket Association Stadium, Pune",3,81,50,9.72,1,50.0,Poor
Shahbaz Ahmed,"Narendra Modi Stadium, Ahmedabad",2,55,24,13.75,1,24.0,Poor
Shahbaz Ahmed,"Rajiv Gandhi International Stadium, Hyderabad",7,136,84,9.71,3,28.0,Poor
Shahbaz Ahmed,"Wankhede Stadium, Mumbai",4,65,46,8.48,0,NA,Average
Shashank Singh,"Brabourne Stadium, Mumbai",1,10,7,8.57,0,NA,Average
Shashank Singh,"Maharashtra Cricket Association Stadium, Pune",1,10,6,10.0,0,NA,Bad
Shashank Singh,"Rajiv Gandhi International Stadium, Hyderabad",1,5,6,5.0,1,6.0,Excellent
Shivam Mavi,"Brabourne Stadium, Mumbai",1,36,24,9.0,1,24.0,Poor
Shivam Mavi,"Dr DY Patil Sports Academy, Mumbai",1,36,27,8.0,1,27.0,Average
Shivam Mavi,"Maharashtra Cricket Association Stadium, Pune",1,50,25,12.0,1,25.0,Bad
Shivam Mavi,"Wankhede Stadium, Mumbai",3,107,66,9.73,2,33.0,Poor
Sikandar Raza,"Arun Jaitley Stadium, Delhi",1,3,6,3.0,0,NA,Excellent
Sikandar Raza,"Barsapara Cricket Stadium, Guwahati",1,24,14,10.29,0,NA,Bad
Sikandar Raza,"Bharat Ratna Shri Atal Bihari Vajpayee Ekana Cricket Stadium, Lucknow",1,23,13,10.62,1,13.0,Good
Sikandar Raza,"MA Chidambaram Stadium, Chennai",1,31,18,10.33,1,18.0,Average
Sikandar Raza,"Narendra Modi Stadium, Ahmedabad",1,22,12,11.0,0,NA,Bad
Sikandar Raza,"Punjab Cricket Association IS Bindra Stadium, Mohali",2,43,25,10.32,1,25.0,Bad
Simarjeet Singh,"Brabourne Stadium, Mumbai",1,23,18,7.67,1,18.0,Good
Simarjeet Singh,"Dr DY Patil Sports Academy, Mumbai",1,27,25,6.48,2,12.5,Excellent
Simarjeet Singh,Himachal Pradesh Cricket Association Stadium (Dharamsala),1,17,18,5.67,2,9.0,Excellent
Simarjeet Singh,"M.Chinnaswamy Stadium, Bengaluru",1,19,8,14.25,0,NA,Bad
Simarjeet Singh,"MA Chidambaram Stadium, Chennai",1,26,28,5.57,3,9.333333333333334,Excellent
Simarjeet Singh,"Maharashtra Cricket Association Stadium, Pune",2,45,26,10.38,0,NA,Bad
Simarjeet Singh,"Narendra Modi Stadium, Ahmedabad",1,60,26,13.85,1,26.0,Bad
Simarjeet Singh,"Wankhede Stadium, Mumbai",2,48,44,6.55,1,44.0,Excellent
Sumit Kumar,"Dr. Y.S. Rajasekhara Reddy ACA-VDCA Cricket Stadium, Visakhapatnam",1,19,12,9.5,0,NA,Poor
Sumit Kumar,"Maharaja Yadavindra Singh International Cricket Stadium, Mullanpur",1,19,10,11.4,0,NA,Bad
Suyash Sharma,"Eden Gardens, Kolkata",9,260,171,9.12,5,34.2,Poor
Suyash Sharma,"M.Chinnaswamy Stadium, Bengaluru",1,30,25,7.2,3,8.333333333333334,Excellent
Suyash Sharma,"MA Chidambaram Stadium, Chennai",1,29,19,9.16,0,NA,Poor
Suyash Sharma,"Narendra Modi Stadium, Ahmedabad",1,35,25,8.4,1,25.0,Average
Suyash Sharma,"Wankhede Stadium, Mumbai",1,27,24,6.75,2,12.0,Excellent
Swapnil Singh,"Bharat Ratna Shri Atal Bihari Vajpayee Ekana Cricket Stadium, Lucknow",1,11,6,11.0,0,NA,Bad
Swapnil Singh,Himachal Pradesh Cricket Association Stadium (Dharamsala),1,28,18,9.33,2,9.0,Excellent
Swapnil Singh,"M.Chinnaswamy Stadium, Bengaluru",3,23,25,5.52,1,25.0,Excellent
Swapnil Singh,"Narendra Modi Stadium, Ahmedabad",3,49,36,8.17,1,36.0,Average
Swapnil Singh,"Rajiv Gandhi International Stadium, Hyderabad",1,40,19,12.63,2,9.5,Excellent
T Natarajan,"Arun Jaitley Stadium, Delhi",2,53,49,6.49,5,9.8,Excellent
T Natarajan,"Bharat Ratna Shri Atal Bihari Vajpayee Ekana Cricket Stadium, Lucknow",1,24,19,7.58,0,NA,Good
T Natarajan,"Brabourne Stadium, Mumbai",2,47,43,6.56,6,7.166666666666667,Excellent
T Natarajan,"Dr DY Patil Sports Academy, Mumbai",4,129,102,7.59,8,12.75,Good
T Natarajan,"Eden Gardens, Kolkata",2,86,52,9.92,4,13.0,Good
T Natarajan,"M.Chinnaswamy Stadium, Bengaluru",1,48,28,10.29,1,28.0,Bad
T Natarajan,"MA Chidambaram Stadium, Chennai",3,86,60,8.6,2,30.0,Average
T Natarajan,"Maharaja Yadavindra Singh International Cricket Stadium, Mullanpur",1,33,24,8.25,1,24.0,Average
T Natarajan,"Maharashtra Cricket Association Stadium, Pune",3,131,76,10.34,5,15.2,Good
T Natarajan,"Narendra Modi Stadium, Ahmedabad",2,57,43,7.95,2,21.5,Good
T Natarajan,"Rajiv Gandhi International Stadium, Hyderabad",12,430,288,8.96,18,16.0,Good
T Natarajan,"Sawai Mansingh Stadium, Jaipur",1,37,25,8.88,0,NA,Average
T Natarajan,"Wankhede Stadium, Mumbai",3,134,71,11.32,1,71.0,Bad
T Stubbs,"Arun Jaitley Stadium, Delhi",1,4,6,4.0,1,6.0,Excellent
T Stubbs,"MA Chidambaram Stadium, Chennai",1,14,12,7.0,1,12.0,Excellent
T Stubbs,"Narendra Modi Stadium, Ahmedabad",1,11,7,9.43,2,3.5,Excellent
TA Boult,"Arun Jaitley Stadium, Delhi",1,48,24,12.0,1,24.0,Poor
TA Boult,"Barsapara Cricket Stadium, Guwahati",3,94,67,8.42,4,16.75,Average
TA Boult,"Bharat Ratna Shri Atal Bihari Vajpayee Ekana Cricket Stadium, Lucknow",1,41,26,9.46,1,26.0,Poor
TA Boult,"Brabourne Stadium, Mumbai",3,111,72,9.25,4,18.0,Average
TA Boult,"Dr DY Patil Sports Academy, Mumbai",3,88,71,7.44,3,23.666666666666668,Good
TA Boult,"Eden Gardens, Kolkata",3,85,66,7.73,4,16.5,Good
TA Boult,Himachal Pradesh Cricket Association Stadium (Dharamsala),1,35,25,8.4,1,25.0,Average
TA Boult,"M.Chinnaswamy Stadium, Bengaluru",1,41,25,9.84,2,12.5,Poor
TA Boult,"MA Chidambaram Stadium, Chennai",2,69,41,10.1,3,13.666666666666666,Good
TA Boult,Maharaja Yadavindra Singh International Cricket St (Mullanpur) ,1,22,26,5.08,1,26.0,Excellent
TA Boult,"Maharashtra Cricket Association Stadium, Pune",2,49,45,6.53,2,22.5,Excellent
TA Boult,"Narendra Modi Stadium, Ahmedabad",4,107,100,6.42,4,25.0,Excellent
TA Boult,"Rajiv Gandhi International Stadium, Hyderabad",2,54,49,6.61,2,24.5,Excellent
TA Boult,"Sawai Mansingh Stadium, Jaipur",7,182,142,7.69,5,28.4,Good
TA Boult,"Wankhede Stadium, Mumbai",7,239,176,8.15,10,17.6,Average
TG Southee,"Dr DY Patil Sports Academy, Mumbai",4,115,95,7.26,7,13.571428571428571,Good
TG Southee,"Eden Gardens, Kolkata",1,25,12,12.5,0,NA,Bad
TG Southee,"Maharashtra Cricket Association Stadium, Pune",2,52,48,6.5,5,9.6,Excellent
TG Southee,"Punjab Cricket Association IS Bindra Stadium, Mohali",1,54,24,13.5,2,12.0,Excellent
TG Southee,"Wankhede Stadium, Mumbai",3,117,77,9.12,4,19.25,Average
TM Head,"Narendra Modi Stadium, Ahmedabad",1,32,10,19.2,0,NA,Bad
TS Mills,"Brabourne Stadium, Mumbai",2,82,39,12.62,1,39.0,Bad
TS Mills,"Dr DY Patil Sports Academy, Mumbai",1,35,24,8.75,3,8.0,Excellent
TS Mills,"Maharashtra Cricket Association Stadium, Pune",2,75,44,10.23,2,22.0,Poor
TU Deshpande,"Arun Jaitley Stadium, Delhi",1,28,25,6.72,1,25.0,Excellent
TU Deshpande,"Bharat Ratna Shri Atal Bihari Vajpayee Ekana Cricket Stadium, Lucknow",2,44,35,7.54,0,NA,Good
TU Deshpande,"Brabourne Stadium, Mumbai",1,44,25,10.56,1,25.0,Bad
TU Deshpande,Dr YS Rajasekhara Reddy Cricket Stadium (Visakhapatnam) ,1,24,26,5.54,0,NA,Excellent
TU Deshpande,"Eden Gardens, Kolkata",1,44,28,9.43,2,14.0,Good
TU Deshpande,Himachal Pradesh Cricket Association Stadium (Dharamsala),1,35,25,8.4,2,12.5,Average
TU Deshpande,"M.Chinnaswamy Stadium, Bengaluru",2,98,55,10.69,4,13.75,Good
TU Deshpande,"MA Chidambaram Stadium, Chennai",14,475,333,8.56,25,13.32,Good
TU Deshpande,"Narendra Modi Stadium, Ahmedabad",3,141,72,11.75,3,24.0,Poor
TU Deshpande,"Rajiv Gandhi International Stadium, Hyderabad",1,23,12,11.5,0,NA,Bad
TU Deshpande,"Sawai Mansingh Stadium, Jaipur",1,42,24,10.5,2,12.0,Excellent
TU Deshpande,"Wankhede Stadium, Mumbai",3,84,61,8.26,3,20.33333333333333,Average
Tilak Varma,"Arun Jaitley Stadium, Delhi",1,7,7,6.0,0,NA,Excellent
Tilak Varma,"Brabourne Stadium, Mumbai",1,7,6,7.0,0,NA,Good
Tilak Varma,"Maharashtra Cricket Association Stadium, Pune",1,6,6,6.0,0,NA,Excellent
Tilak Varma,"Sawai Mansingh Stadium, Jaipur",1,8,4,12.0,0,NA,Bad
UT Yadav,"Arun Jaitley Stadium, Delhi",1,6,6,6.0,0,NA,Excellent
UT Yadav,"Bharat Ratna Shri Atal Bihari Vajpayee Ekana Cricket Stadium, Lucknow",1,22,18,7.33,2,9.0,Excellent
UT Yadav,"Brabourne Stadium, Mumbai",3,129,75,10.32,1,75.0,Bad
UT Yadav,"Dr DY Patil Sports Academy, Mumbai",3,86,72,7.17,3,24.0,Good
UT Yadav,"Eden Gardens, Kolkata",3,94,49,11.51,0,NA,Bad
UT Yadav,"M.Chinnaswamy Stadium, Bengaluru",1,19,6,19.0,0,NA,Bad
UT Yadav,"MA Chidambaram Stadium, Chennai",1,27,13,12.46,0,NA,Bad
UT Yadav,"Maharashtra Cricket Association Stadium, Pune",2,45,48,5.62,2,24.0,Excellent
UT Yadav,"Narendra Modi Stadium, Ahmedabad",5,140,91,9.23,6,15.166666666666666,Good
UT Yadav,"Punjab Cricket Association IS Bindra Stadium, Mohali",1,27,24,6.75,1,24.0,Excellent
UT Yadav,"Sawai Mansingh Stadium, Jaipur",1,47,26,10.85,1,26.0,Bad
UT Yadav,"Wankhede Stadium, Mumbai",5,113,114,5.95,10,11.4,Excellent
Umran Malik,"Arun Jaitley Stadium, Delhi",1,22,6,22.0,0,NA,Bad
Umran Malik,"Bharat Ratna Shri Atal Bihari Vajpayee Ekana Cricket Stadium, Lucknow",1,22,14,9.43,1,14.0,Good
Umran Malik,"Brabourne Stadium, Mumbai",3,95,76,7.5,3,25.33333333333333,Good
Umran Malik,"Dr DY Patil Sports Academy, Mumbai",4,135,85,9.53,6,14.166666666666666,Good
Umran Malik,"Eden Gardens, Kolkata",1,36,12,18.0,1,12.0,Excellent
Umran Malik,"MA Chidambaram Stadium, Chennai",1,18,18,6.0,1,18.0,Excellent
Umran Malik,"Maharashtra Cricket Association Stadium, Pune",3,123,79,9.34,5,15.8,Good
Umran Malik,"Rajiv Gandhi International Stadium, Hyderabad",4,94,63,8.95,3,21.0,Average
Umran Malik,"Wankhede Stadium, Mumbai",5,144,91,9.49,9,10.11111111111111,Excellent
V Kaverappa,Himachal Pradesh Cricket Association Stadium (Dharamsala),1,36,24,9.0,2,12.0,Excellent
V Shankar,"Dr DY Patil Sports Academy, Mumbai",1,1,3,2.0,0,NA,Excellent
V Shankar,"Maharashtra Cricket Association Stadium, Pune",1,14,7,12.0,1,7.0,Excellent
V Viyaskanth,"Narendra Modi Stadium, Ahmedabad",1,22,12,11.0,0,NA,Bad
V Viyaskanth,"Rajiv Gandhi International Stadium, Hyderabad",2,68,48,8.5,1,48.0,Average
VG Arora,"Bharat Ratna Shri Atal Bihari Vajpayee Ekana Cricket Stadium, Lucknow",1,21,13,9.69,0,NA,Poor
VG Arora,"Brabourne Stadium, Mumbai",3,86,61,8.46,2,30.5,Average
VG Arora,"Dr DY Patil Sports Academy, Mumbai",1,36,23,9.39,0,NA,Poor
VG Arora,"Dr. Y.S. Rajasekhara Reddy ACA-VDCA Cricket Stadium, Visakhapatnam",1,27,27,6.0,3,9.0,Excellent
VG Arora,"Eden Gardens, Kolkata",6,192,127,9.07,6,21.166666666666668,Poor
VG Arora,"M.Chinnaswamy Stadium, Bengaluru",1,24,13,11.08,0,NA,Bad
VG Arora,"MA Chidambaram Stadium, Chennai",3,84,72,7.0,4,18.0,Good
VG Arora,"Maharashtra Cricket Association Stadium, Pune",1,43,26,9.92,2,13.0,Good
VG Arora,"Narendra Modi Stadium, Ahmedabad",1,17,15,6.8,1,15.0,Excellent
VG Arora,"Rajiv Gandhi International Stadium, Hyderabad",1,33,21,9.43,2,10.5,Excellent
VG Arora,"Wankhede Stadium, Mumbai",1,35,20,10.5,0,NA,Bad
VR Aaron,"Maharashtra Cricket Association Stadium, Pune",1,8,6,8.0,0,NA,Average
VR Aaron,"Wankhede Stadium, Mumbai",1,45,27,10.0,2,13.5,Good
VR Iyer,"Brabourne Stadium, Mumbai",1,14,6,14.0,0,NA,Bad
VR Iyer,"Dr DY Patil Sports Academy, Mumbai",2,18,12,9.0,0,NA,Poor
VR Iyer,"Dr. Y.S. Rajasekhara Reddy ACA-VDCA Cricket Stadium, Visakhapatnam",1,28,6,28.0,0,NA,Bad
VR Iyer,"Wankhede Stadium, Mumbai",1,14,6,14.0,0,NA,Bad
Vijaykumar Vyshak,"M.Chinnaswamy Stadium, Bengaluru",8,298,186,9.61,12,15.5,Good
Vijaykumar Vyshak,"Punjab Cricket Association IS Bindra Stadium, Mohali",1,29,19,9.16,2,9.5,Excellent
Vijaykumar Vyshak,"Wankhede Stadium, Mumbai",2,69,38,10.89,3,12.666666666666666,Bad
Vivrant Sharma,"Sawai Mansingh Stadium, Jaipur",1,18,13,8.31,0,NA,Average
Vivrant Sharma,"Wankhede Stadium, Mumbai",1,19,8,14.25,0,NA,Bad
WD Parnell,"M.Chinnaswamy Stadium, Bengaluru",4,159,96,9.94,5,19.2,Average
WD Parnell,"Punjab Cricket Association IS Bindra Stadium, Mohali",1,32,18,10.67,1,18.0,Average
WD Parnell,"Rajiv Gandhi International Stadium, Hyderabad",1,35,24,8.75,0,NA,Average
WD Parnell,"Sawai Mansingh Stadium, Jaipur",1,11,19,3.47,3,6.333333333333333,Excellent
WG Jacks,Himachal Pradesh Cricket Association Stadium (Dharamsala),1,5,6,5.0,0,NA,Excellent
WG Jacks,"M.Chinnaswamy Stadium, Bengaluru",2,48,25,11.52,0,NA,Bad
WG Jacks,"Rajiv Gandhi International Stadium, Hyderabad",1,23,12,11.5,1,12.0,Excellent
WG Jacks,"Wankhede Stadium, Mumbai",1,24,12,12.0,1,12.0,Excellent
Washington Sundar,"Arun Jaitley Stadium, Delhi",1,46,12,23.0,1,12.0,Excellent
Washington Sundar,"Bharat Ratna Shri Atal Bihari Vajpayee Ekana Cricket Stadium, Lucknow",1,11,6,11.0,0,NA,Bad
Washington Sundar,"Dr DY Patil Sports Academy, Mumbai",3,63,66,5.73,4,16.5,Excellent
Washington Sundar,"Eden Gardens, Kolkata",1,20,12,10.0,0,NA,Bad
Washington Sundar,"MA Chidambaram Stadium, Chennai",1,16,16,6.0,0,NA,Excellent
Washington Sundar,"Maharashtra Cricket Association Stadium, Pune",2,87,43,12.14,0,NA,Bad
Washington Sundar,"Narendra Modi Stadium, Ahmedabad",1,27,18,9.0,0,NA,Poor
Washington Sundar,"Rajiv Gandhi International Stadium, Hyderabad",4,99,72,8.25,3,24.0,Average
Washington Sundar,"Wankhede Stadium, Mumbai",3,89,61,8.75,2,30.5,Average
YBK Jaiswal,"Wankhede Stadium, Mumbai",1,6,1,36.0,0,NA,Bad
YS Chahal,"Arun Jaitley Stadium, Delhi",1,48,24,12.0,1,24.0,Poor
YS Chahal,"Barsapara Cricket Stadium, Guwahati",3,109,76,8.61,6,12.666666666666666,Average
YS Chahal,"Bharat Ratna Shri Atal Bihari Vajpayee Ekana Cricket Stadium, Lucknow",1,41,25,9.84,0,NA,Poor
YS Chahal,"Brabourne Stadium, Mumbai",3,108,78,8.31,8,9.75,Excellent
YS Chahal,"Dr DY Patil Sports Academy, Mumbai",4,136,99,8.24,5,19.8,Average
YS Chahal,"Eden Gardens, Kolkata",3,111,73,9.12,5,14.6,Good
YS Chahal,Himachal Pradesh Cricket Association Stadium (Dharamsala),1,40,25,9.6,0,NA,Poor
YS Chahal,"M.Chinnaswamy Stadium, Bengaluru",1,28,26,6.46,2,13.0,Excellent
YS Chahal,"MA Chidambaram Stadium, Chennai",3,83,76,6.55,3,25.33333333333333,Excellent
YS Chahal,Maharaja Yadavindra Singh International Cricket St (Mullanpur) ,1,32,27,7.11,2,13.5,Good
YS Chahal,"Maharashtra Cricket Association Stadium, Pune",2,48,49,5.88,4,12.25,Excellent
YS Chahal,"Narendra Modi Stadium, Ahmedabad",4,144,101,8.55,3,33.666666666666664,Average
YS Chahal,"Rajiv Gandhi International Stadium, Hyderabad",2,79,49,9.67,4,12.25,Poor
YS Chahal,"Sawai Mansingh Stadium, Jaipur",10,320,220,8.73,13,16.923076923076923,Average
YS Chahal,"Wankhede Stadium, Mumbai",7,191,169,6.78,14,12.071428571428571,Excellent
Yash Dayal,"Arun Jaitley Stadium, Delhi",1,12,6,12.0,0,NA,Bad
Yash Dayal,"Dr DY Patil Sports Academy, Mumbai",2,82,51,9.65,5,10.2,Excellent
Yash Dayal,"Eden Gardens, Kolkata",2,107,55,11.67,5,11.0,Excellent
Yash Dayal,Himachal Pradesh Cricket Association Stadium (Dharamsala),1,22,13,10.15,0,NA,Bad
Yash Dayal,"M.Chinnaswamy Stadium, Bengaluru",8,273,196,8.36,12,16.333333333333332,Average
Yash Dayal,"MA Chidambaram Stadium, Chennai",1,28,18,9.33,1,18.0,Average
Yash Dayal,"Maharashtra Cricket Association Stadium, Pune",2,64,38,10.11,3,12.666666666666666,Bad
Yash Dayal,"Narendra Modi Stadium, Ahmedabad",6,204,122,10.03,2,61.0,Bad
Yash Dayal,"Rajiv Gandhi International Stadium, Hyderabad",1,18,21,5.14,1,21.0,Excellent
Yash Dayal,"Sawai Mansingh Stadium, Jaipur",1,37,24,9.25,1,24.0,Poor
Yash Dayal,"Wankhede Stadium, Mumbai",3,86,71,7.27,1,71.0,Good
Yash Thakur,"Bharat Ratna Shri Atal Bihari Vajpayee Ekana Cricket Stadium, Lucknow",8,281,188,8.97,13,14.461538461538462,Good
Yash Thakur,"Eden Gardens, Kolkata",2,59,34,10.41,3,11.333333333333334,Excellent
Yash Thakur,"M.Chinnaswamy Stadium, Bengaluru",1,39,24,9.75,2,12.0,Excellent
Yash Thakur,"MA Chidambaram Stadium, Chennai",3,119,76,9.39,4,19.0,Average
Yash Thakur,"Narendra Modi Stadium, Ahmedabad",1,48,25,11.52,0,NA,Bad
Yash Thakur,"Punjab Cricket Association IS Bindra Stadium, Mohali",1,38,24,9.5,4,6.0,Excellent
Yash Thakur,"Rajiv Gandhi International Stadium, Hyderabad",2,75,41,10.98,1,41.0,Bad
Yash Thakur,"Sawai Mansingh Stadium, Jaipur",1,43,20,12.9,0,NA,Bad
Yudhvir Singh,"Arun Jaitley Stadium, Delhi",1,28,12,14.0,0,NA,Bad
Yudhvir Singh,"Bharat Ratna Shri Atal Bihari Vajpayee Ekana Cricket Stadium, Lucknow",2,44,30,8.8,3,10.0,Excellent
Yudhvir Singh,"Rajiv Gandhi International Stadium, Hyderabad",1,26,19,8.21,1,19.0,Average
Yudhvir Singh,"Sawai Mansingh Stadium, Jaipur",1,27,13,12.46,0,NA,Bad
