Player,Venue,Predicted Performance
A Badoni,"Arun Jaitley Stadium, Delhi",Bad
A Nortje,"Arun Jaitley Stadium, Delhi",Bad
AD Russell,"Arun Jaitley Stadium, Delhi",Good
AJ Hosein,"Arun Jaitley Stadium, Delhi",Poor
AK Markram,"Arun Jaitley Stadium, Delhi",Bad
AR Patel,"Arun Jaitley Stadium, Delhi",Average
AS Roy,"Arun Jaitley Stadium, Delhi",Bad
Abdul Samad,"Arun Jaitley Stadium, Delhi",Average
Abhishek Sharma,"Arun Jaitley Stadium, Delhi",Excellent
Abishek Porel,"Arun Jaitley Stadium, Delhi",Good
Aman Hakim Khan,"Arun Jaitley Stadium, Delhi",Bad
Anuj Rawat,"Arun Jaitley Stadium, Delhi",Bad
Arshad Khan,"Arun Jaitley Stadium, Delhi",Excellent
Avesh Khan,"Arun Jaitley Stadium, Delhi",Bad
Azmatullah Omarzai,"Arun Jaitley Stadium, Delhi",Bad
B Sai Sudharsan,"Arun Jaitley Stadium, Delhi",Excellent
C Green,"Arun Jaitley Stadium, Delhi",Poor
C Sakariya,"Arun Jaitley Stadium, Delhi",Bad
CV Varun,"Arun Jaitley Stadium, Delhi",Bad
D Ferreira,"Arun Jaitley Stadium, Delhi",Bad
DA Miller,"Arun Jaitley Stadium, Delhi",Excellent
DA Warner,"Arun Jaitley Stadium, Delhi",Good
DJ Hooda,"Arun Jaitley Stadium, Delhi",Bad
DP Conway,"Arun Jaitley Stadium, Delhi",Excellent
F du Plessis,"Arun Jaitley Stadium, Delhi",Excellent
GJ Maxwell,"Arun Jaitley Stadium, Delhi",Bad
Gulbadin Naib,"Arun Jaitley Stadium, Delhi",Poor
H Klaasen,"Arun Jaitley Stadium, Delhi",Good
HC Brook,"Arun Jaitley Stadium, Delhi",Bad
HH Pandya,"Arun Jaitley Stadium, Delhi",Average
Harpreet Brar,"Arun Jaitley Stadium, Delhi",Bad
Ishan Kishan,"Arun Jaitley Stadium, Delhi",Average
J Fraser-McGurk,"Arun Jaitley Stadium, Delhi",Excellent
JC Buttler,"Arun Jaitley Stadium, Delhi",Poor
JJ Roy,"Arun Jaitley Stadium, Delhi",Excellent
JM Sharma,"Arun Jaitley Stadium, Delhi",Bad
KD Karthik,"Arun Jaitley Stadium, Delhi",Poor
KH Pandya,"Arun Jaitley Stadium, Delhi",Poor
KL Rahul,"Arun Jaitley Stadium, Delhi",Bad
Kuldeep Yadav,"Arun Jaitley Stadium, Delhi",Bad
L Wood,"Arun Jaitley Stadium, Delhi",Bad
LS Livingstone,"Arun Jaitley Stadium, Delhi",Bad
Lalit Yadav,"Arun Jaitley Stadium, Delhi",Bad
Liton Das,"Arun Jaitley Stadium, Delhi",Bad
M Shahrukh Khan,"Arun Jaitley Stadium, Delhi",Bad
MA Agarwal,"Arun Jaitley Stadium, Delhi",Bad
MK Lomror,"Arun Jaitley Stadium, Delhi",Excellent
MK Pandey,"Arun Jaitley Stadium, Delhi",Poor
MP Stoinis,"Arun Jaitley Stadium, Delhi",Bad
MR Marsh,"Arun Jaitley Stadium, Delhi",Poor
MS Dhoni,"Arun Jaitley Stadium, Delhi",Bad
Mandeep Singh,"Arun Jaitley Stadium, Delhi",Poor
Mohammad Nabi,"Arun Jaitley Stadium, Delhi",Bad
Mukesh Kumar,"Arun Jaitley Stadium, Delhi",Bad
Mustafizur Rahman,"Arun Jaitley Stadium, Delhi",Bad
N Pooran,"Arun Jaitley Stadium, Delhi",Excellent
N Rana,"Arun Jaitley Stadium, Delhi",Bad
N Wadhera,"Arun Jaitley Stadium, Delhi",Bad
Naveen-ul-Haq,"Arun Jaitley Stadium, Delhi",Bad
Nithish Kumar Reddy,"Arun Jaitley Stadium, Delhi",Good
P Dubey,"Arun Jaitley Stadium, Delhi",Poor
P Simran Singh,"Arun Jaitley Stadium, Delhi",Excellent
PD Salt,"Arun Jaitley Stadium, Delhi",Good
PJ Cummins,"Arun Jaitley Stadium, Delhi",Bad
PK Garg,"Arun Jaitley Stadium, Delhi",Poor
PP Chawla,"Arun Jaitley Stadium, Delhi",Poor
PP Shaw,"Arun Jaitley Stadium, Delhi",Poor
Q de Kock,"Arun Jaitley Stadium, Delhi",Poor
R Ashwin,"Arun Jaitley Stadium, Delhi",Bad
R Parag,"Arun Jaitley Stadium, Delhi",Average
R Powell,"Arun Jaitley Stadium, Delhi",Bad
R Sai Kishore,"Arun Jaitley Stadium, Delhi",Poor
R Tewatia,"Arun Jaitley Stadium, Delhi",Bad
RA Jadeja,"Arun Jaitley Stadium, Delhi",Average
RA Tripathi,"Arun Jaitley Stadium, Delhi",Poor
RD Gaikwad,"Arun Jaitley Stadium, Delhi",Excellent
RG Sharma,"Arun Jaitley Stadium, Delhi",Good
RK Singh,"Arun Jaitley Stadium, Delhi",Bad
RR Pant,"Arun Jaitley Stadium, Delhi",Excellent
RR Rossouw,"Arun Jaitley Stadium, Delhi",Poor
RV Patel,"Arun Jaitley Stadium, Delhi",Poor
Rashid Khan,"Arun Jaitley Stadium, Delhi",Average
Rasikh Salam,"Arun Jaitley Stadium, Delhi",Bad
Ravi Bishnoi,"Arun Jaitley Stadium, Delhi",Bad
S Dhawan,"Arun Jaitley Stadium, Delhi",Bad
S Dube,"Arun Jaitley Stadium, Delhi",Average
SA Yadav,"Arun Jaitley Stadium, Delhi",Poor
SB Dubey,"Arun Jaitley Stadium, Delhi",Average
SD Hope,"Arun Jaitley Stadium, Delhi",Average
SM Curran,"Arun Jaitley Stadium, Delhi",Average
SN Khan,"Arun Jaitley Stadium, Delhi",Poor
SP Narine,"Arun Jaitley Stadium, Delhi",Bad
SV Samson,"Arun Jaitley Stadium, Delhi",Excellent
Shahbaz Ahmed,"Arun Jaitley Stadium, Delhi",Excellent
Shubman Gill,"Arun Jaitley Stadium, Delhi",Poor
Sikandar Raza,"Arun Jaitley Stadium, Delhi",Poor
T Stubbs,"Arun Jaitley Stadium, Delhi",Good
TA Boult,"Arun Jaitley Stadium, Delhi",Bad
TH David,"Arun Jaitley Stadium, Delhi",Average
TM Head,"Arun Jaitley Stadium, Delhi",Excellent
Tilak Varma,"Arun Jaitley Stadium, Delhi",Excellent
UT Yadav,"Arun Jaitley Stadium, Delhi",Bad
V Kohli,"Arun Jaitley Stadium, Delhi",Excellent
V Shankar,"Arun Jaitley Stadium, Delhi",Average
VR Iyer,"Arun Jaitley Stadium, Delhi",Bad
WP Saha,"Arun Jaitley Stadium, Delhi",Average
YBK Jaiswal,"Arun Jaitley Stadium, Delhi",Bad
YV Dhull,"Arun Jaitley Stadium, Delhi",Bad
Yudhvir Singh,"Arun Jaitley Stadium, Delhi",Poor
A Nortje,"Barsapara Cricket Stadium, Guwahati",Bad
AR Patel,"Barsapara Cricket Stadium, Guwahati",Bad
Abishek Porel,"Barsapara Cricket Stadium, Guwahati",Bad
Ashutosh Sharma,"Barsapara Cricket Stadium, Guwahati",Poor
Avesh Khan,"Barsapara Cricket Stadium, Guwahati",Bad
D Ferreira,"Barsapara Cricket Stadium, Guwahati",Bad
D Padikkal,"Barsapara Cricket Stadium, Guwahati",Average
DA Warner,"Barsapara Cricket Stadium, Guwahati",Excellent
Dhruv Jurel,"Barsapara Cricket Stadium, Guwahati",Poor
JC Buttler,"Barsapara Cricket Stadium, Guwahati",Excellent
JM Bairstow,"Barsapara Cricket Stadium, Guwahati",Poor
JM Sharma,"Barsapara Cricket Stadium, Guwahati",Average
JO Holder,"Barsapara Cricket Stadium, Guwahati",Bad
Kuldeep Yadav,"Barsapara Cricket Stadium, Guwahati",Bad
Lalit Yadav,"Barsapara Cricket Stadium, Guwahati",Good
M Shahrukh Khan,"Barsapara Cricket Stadium, Guwahati",Poor
MK Pandey,"Barsapara Cricket Stadium, Guwahati",Bad
Mukesh Kumar,"Barsapara Cricket Stadium, Guwahati",Bad
P Simran Singh,"Barsapara Cricket Stadium, Guwahati",Good
PBB Rajapaksa,"Barsapara Cricket Stadium, Guwahati",Bad
PP Shaw,"Barsapara Cricket Stadium, Guwahati",Bad
R Ashwin,"Barsapara Cricket Stadium, Guwahati",Poor
R Parag,"Barsapara Cricket Stadium, Guwahati",Average
R Powell,"Barsapara Cricket Stadium, Guwahati",Bad
RR Rossouw,"Barsapara Cricket Stadium, Guwahati",Poor
S Dhawan,"Barsapara Cricket Stadium, Guwahati",Excellent
SM Curran,"Barsapara Cricket Stadium, Guwahati",Good
SO Hetmyer,"Barsapara Cricket Stadium, Guwahati",Good
SV Samson,"Barsapara Cricket Stadium, Guwahati",Average
Shashank Singh,"Barsapara Cricket Stadium, Guwahati",Bad
Sikandar Raza,"Barsapara Cricket Stadium, Guwahati",Bad
T Kohler-Cadmore,"Barsapara Cricket Stadium, Guwahati",Poor
TA Boult,"Barsapara Cricket Stadium, Guwahati",Poor
YBK Jaiswal,"Barsapara Cricket Stadium, Guwahati",Average
A Badoni,"Bharat Ratna Shri Atal Bihari Vajpayee Ekana Cricket Stadium, Lucknow",Poor
A Manohar,"Bharat Ratna Shri Atal Bihari Vajpayee Ekana Cricket Stadium, Lucknow",Bad
A Mishra,"Bharat Ratna Shri Atal Bihari Vajpayee Ekana Cricket Stadium, Lucknow",Poor
A Raghuvanshi,"Bharat Ratna Shri Atal Bihari Vajpayee Ekana Cricket Stadium, Lucknow",Good
AA Kulkarni,"Bharat Ratna Shri Atal Bihari Vajpayee Ekana Cricket Stadium, Lucknow",Bad
AD Russell,"Bharat Ratna Shri Atal Bihari Vajpayee Ekana Cricket Stadium, Lucknow",Poor
AJ Turner,"Bharat Ratna Shri Atal Bihari Vajpayee Ekana Cricket Stadium, Lucknow",Poor
AK Markram,"Bharat Ratna Shri Atal Bihari Vajpayee Ekana Cricket Stadium, Lucknow",Bad
AM Rahane,"Bharat Ratna Shri Atal Bihari Vajpayee Ekana Cricket Stadium, Lucknow",Good
AR Patel,"Bharat Ratna Shri Atal Bihari Vajpayee Ekana Cricket Stadium, Lucknow",Poor
AU Rashid,"Bharat Ratna Shri Atal Bihari Vajpayee Ekana Cricket Stadium, Lucknow",Bad
Abdul Samad,"Bharat Ratna Shri Atal Bihari Vajpayee Ekana Cricket Stadium, Lucknow",Average
Aman Hakim Khan,"Bharat Ratna Shri Atal Bihari Vajpayee Ekana Cricket Stadium, Lucknow",Bad
Anmolpreet Singh,"Bharat Ratna Shri Atal Bihari Vajpayee Ekana Cricket Stadium, Lucknow",Good
Anuj Rawat,"Bharat Ratna Shri Atal Bihari Vajpayee Ekana Cricket Stadium, Lucknow",Bad
Arshad Khan,"Bharat Ratna Shri Atal Bihari Vajpayee Ekana Cricket Stadium, Lucknow",Average
Atharva Taide,"Bharat Ratna Shri Atal Bihari Vajpayee Ekana Cricket Stadium, Lucknow",Bad
B Sai Sudharsan,"Bharat Ratna Shri Atal Bihari Vajpayee Ekana Cricket Stadium, Lucknow",Good
BR Sharath,"Bharat Ratna Shri Atal Bihari Vajpayee Ekana Cricket Stadium, Lucknow",Bad
C Green,"Bharat Ratna Shri Atal Bihari Vajpayee Ekana Cricket Stadium, Lucknow",Bad
C Sakariya,"Bharat Ratna Shri Atal Bihari Vajpayee Ekana Cricket Stadium, Lucknow",Bad
D Padikkal,"Bharat Ratna Shri Atal Bihari Vajpayee Ekana Cricket Stadium, Lucknow",Bad
DA Miller,"Bharat Ratna Shri Atal Bihari Vajpayee Ekana Cricket Stadium, Lucknow",Bad
DA Warner,"Bharat Ratna Shri Atal Bihari Vajpayee Ekana Cricket Stadium, Lucknow",Good
DG Nalkande,"Bharat Ratna Shri Atal Bihari Vajpayee Ekana Cricket Stadium, Lucknow",Poor
DJ Hooda,"Bharat Ratna Shri Atal Bihari Vajpayee Ekana Cricket Stadium, Lucknow",Poor
Dhruv Jurel,"Bharat Ratna Shri Atal Bihari Vajpayee Ekana Cricket Stadium, Lucknow",Excellent
F du Plessis,"Bharat Ratna Shri Atal Bihari Vajpayee Ekana Cricket Stadium, Lucknow",Excellent
G Coetzee,"Bharat Ratna Shri Atal Bihari Vajpayee Ekana Cricket Stadium, Lucknow",Bad
GJ Maxwell,"Bharat Ratna Shri Atal Bihari Vajpayee Ekana Cricket Stadium, Lucknow",Bad
HC Brook,"Bharat Ratna Shri Atal Bihari Vajpayee Ekana Cricket Stadium, Lucknow",Bad
HH Pandya,"Bharat Ratna Shri Atal Bihari Vajpayee Ekana Cricket Stadium, Lucknow",Good
Harpreet Brar,"Bharat Ratna Shri Atal Bihari Vajpayee Ekana Cricket Stadium, Lucknow",Bad
Harpreet Singh,"Bharat Ratna Shri Atal Bihari Vajpayee Ekana Cricket Stadium, Lucknow",Average
Ishan Kishan,"Bharat Ratna Shri Atal Bihari Vajpayee Ekana Cricket Stadium, Lucknow",Excellent
J Fraser-McGurk,"Bharat Ratna Shri Atal Bihari Vajpayee Ekana Cricket Stadium, Lucknow",Excellent
JC Buttler,"Bharat Ratna Shri Atal Bihari Vajpayee Ekana Cricket Stadium, Lucknow",Good
JM Bairstow,"Bharat Ratna Shri Atal Bihari Vajpayee Ekana Cricket Stadium, Lucknow",Excellent
JM Sharma,"Bharat Ratna Shri Atal Bihari Vajpayee Ekana Cricket Stadium, Lucknow",Bad
JR Hazlewood,"Bharat Ratna Shri Atal Bihari Vajpayee Ekana Cricket Stadium, Lucknow",Bad
K Gowtham,"Bharat Ratna Shri Atal Bihari Vajpayee Ekana Cricket Stadium, Lucknow",Bad
K Rabada,"Bharat Ratna Shri Atal Bihari Vajpayee Ekana Cricket Stadium, Lucknow",Bad
KD Karthik,"Bharat Ratna Shri Atal Bihari Vajpayee Ekana Cricket Stadium, Lucknow",Poor
KH Pandya,"Bharat Ratna Shri Atal Bihari Vajpayee Ekana Cricket Stadium, Lucknow",Poor
KL Rahul,"Bharat Ratna Shri Atal Bihari Vajpayee Ekana Cricket Stadium, Lucknow",Excellent
KR Mayers,"Bharat Ratna Shri Atal Bihari Vajpayee Ekana Cricket Stadium, Lucknow",Average
KS Sharma,"Bharat Ratna Shri Atal Bihari Vajpayee Ekana Cricket Stadium, Lucknow",Bad
KS Williamson,"Bharat Ratna Shri Atal Bihari Vajpayee Ekana Cricket Stadium, Lucknow",Bad
KV Sharma,"Bharat Ratna Shri Atal Bihari Vajpayee Ekana Cricket Stadium, Lucknow",Bad
Kuldeep Yadav,"Bharat Ratna Shri Atal Bihari Vajpayee Ekana Cricket Stadium, Lucknow",Bad
LS Livingstone,"Bharat Ratna Shri Atal Bihari Vajpayee Ekana Cricket Stadium, Lucknow",Average
M Shahrukh Khan,"Bharat Ratna Shri Atal Bihari Vajpayee Ekana Cricket Stadium, Lucknow",Average
M Vohra,"Bharat Ratna Shri Atal Bihari Vajpayee Ekana Cricket Stadium, Lucknow",Poor
MA Agarwal,"Bharat Ratna Shri Atal Bihari Vajpayee Ekana Cricket Stadium, Lucknow",Bad
MK Lomror,"Bharat Ratna Shri Atal Bihari Vajpayee Ekana Cricket Stadium, Lucknow",Bad
MM Ali,"Bharat Ratna Shri Atal Bihari Vajpayee Ekana Cricket Stadium, Lucknow",Good
MP Stoinis,"Bharat Ratna Shri Atal Bihari Vajpayee Ekana Cricket Stadium, Lucknow",Average
MR Marsh,"Bharat Ratna Shri Atal Bihari Vajpayee Ekana Cricket Stadium, Lucknow",Bad
MS Dhoni,"Bharat Ratna Shri Atal Bihari Vajpayee Ekana Cricket Stadium, Lucknow",Average
MW Short,"Bharat Ratna Shri Atal Bihari Vajpayee Ekana Cricket Stadium, Lucknow",Good
Mohammad Nabi,"Bharat Ratna Shri Atal Bihari Vajpayee Ekana Cricket Stadium, Lucknow",Bad
Mohammed Siraj,"Bharat Ratna Shri Atal Bihari Vajpayee Ekana Cricket Stadium, Lucknow",Bad
Mohsin Khan,"Bharat Ratna Shri Atal Bihari Vajpayee Ekana Cricket Stadium, Lucknow",Bad
Mukesh Kumar,"Bharat Ratna Shri Atal Bihari Vajpayee Ekana Cricket Stadium, Lucknow",Bad
N Pooran,"Bharat Ratna Shri Atal Bihari Vajpayee Ekana Cricket Stadium, Lucknow",Poor
N Wadhera,"Bharat Ratna Shri Atal Bihari Vajpayee Ekana Cricket Stadium, Lucknow",Good
Naveen-ul-Haq,"Bharat Ratna Shri Atal Bihari Vajpayee Ekana Cricket Stadium, Lucknow",Poor
Noor Ahmad,"Bharat Ratna Shri Atal Bihari Vajpayee Ekana Cricket Stadium, Lucknow",Bad
P Simran Singh,"Bharat Ratna Shri Atal Bihari Vajpayee Ekana Cricket Stadium, Lucknow",Poor
PD Salt,"Bharat Ratna Shri Atal Bihari Vajpayee Ekana Cricket Stadium, Lucknow",Good
PN Mankad,"Bharat Ratna Shri Atal Bihari Vajpayee Ekana Cricket Stadium, Lucknow",Bad
PP Shaw,"Bharat Ratna Shri Atal Bihari Vajpayee Ekana Cricket Stadium, Lucknow",Average
PWH de Silva,"Bharat Ratna Shri Atal Bihari Vajpayee Ekana Cricket Stadium, Lucknow",Bad
Q de Kock,"Bharat Ratna Shri Atal Bihari Vajpayee Ekana Cricket Stadium, Lucknow",Average
R Parag,"Bharat Ratna Shri Atal Bihari Vajpayee Ekana Cricket Stadium, Lucknow",Poor
R Powell,"Bharat Ratna Shri Atal Bihari Vajpayee Ekana Cricket Stadium, Lucknow",Bad
R Ravindra,"Bharat Ratna Shri Atal Bihari Vajpayee Ekana Cricket Stadium, Lucknow",Bad
R Shepherd,"Bharat Ratna Shri Atal Bihari Vajpayee Ekana Cricket Stadium, Lucknow",Bad
R Tewatia,"Bharat Ratna Shri Atal Bihari Vajpayee Ekana Cricket Stadium, Lucknow",Poor
RA Jadeja,"Bharat Ratna Shri Atal Bihari Vajpayee Ekana Cricket Stadium, Lucknow",Excellent
RA Tripathi,"Bharat Ratna Shri Atal Bihari Vajpayee Ekana Cricket Stadium, Lucknow",Good
RD Gaikwad,"Bharat Ratna Shri Atal Bihari Vajpayee Ekana Cricket Stadium, Lucknow",Poor
RG Sharma,"Bharat Ratna Shri Atal Bihari Vajpayee Ekana Cricket Stadium, Lucknow",Average
RK Singh,"Bharat Ratna Shri Atal Bihari Vajpayee Ekana Cricket Stadium, Lucknow",Poor
RR Pant,"Bharat Ratna Shri Atal Bihari Vajpayee Ekana Cricket Stadium, Lucknow",Excellent
RR Rossouw,"Bharat Ratna Shri Atal Bihari Vajpayee Ekana Cricket Stadium, Lucknow",Good
Ramandeep Singh,"Bharat Ratna Shri Atal Bihari Vajpayee Ekana Cricket Stadium, Lucknow",Average
Rashid Khan,"Bharat Ratna Shri Atal Bihari Vajpayee Ekana Cricket Stadium, Lucknow",Bad
Ravi Bishnoi,"Bharat Ratna Shri Atal Bihari Vajpayee Ekana Cricket Stadium, Lucknow",Bad
S Dhawan,"Bharat Ratna Shri Atal Bihari Vajpayee Ekana Cricket Stadium, Lucknow",Excellent
S Dube,"Bharat Ratna Shri Atal Bihari Vajpayee Ekana Cricket Stadium, Lucknow",Bad
SA Yadav,"Bharat Ratna Shri Atal Bihari Vajpayee Ekana Cricket Stadium, Lucknow",Bad
SD Hope,"Bharat Ratna Shri Atal Bihari Vajpayee Ekana Cricket Stadium, Lucknow",Poor
SH Johnson,"Bharat Ratna Shri Atal Bihari Vajpayee Ekana Cricket Stadium, Lucknow",Bad
SM Curran,"Bharat Ratna Shri Atal Bihari Vajpayee Ekana Cricket Stadium, Lucknow",Bad
SN Khan,"Bharat Ratna Shri Atal Bihari Vajpayee Ekana Cricket Stadium, Lucknow",Bad
SP Narine,"Bharat Ratna Shri Atal Bihari Vajpayee Ekana Cricket Stadium, Lucknow",Excellent
SS Iyer,"Bharat Ratna Shri Atal Bihari Vajpayee Ekana Cricket Stadium, Lucknow",Average
SS Prabhudessai,"Bharat Ratna Shri Atal Bihari Vajpayee Ekana Cricket Stadium, Lucknow",Bad
SV Samson,"Bharat Ratna Shri Atal Bihari Vajpayee Ekana Cricket Stadium, Lucknow",Excellent
Sameer Rizvi,"Bharat Ratna Shri Atal Bihari Vajpayee Ekana Cricket Stadium, Lucknow",Bad
Shashank Singh,"Bharat Ratna Shri Atal Bihari Vajpayee Ekana Cricket Stadium, Lucknow",Bad
Shubman Gill,"Bharat Ratna Shri Atal Bihari Vajpayee Ekana Cricket Stadium, Lucknow",Bad
Sikandar Raza,"Bharat Ratna Shri Atal Bihari Vajpayee Ekana Cricket Stadium, Lucknow",Excellent
T Stubbs,"Bharat Ratna Shri Atal Bihari Vajpayee Ekana Cricket Stadium, Lucknow",Poor
TH David,"Bharat Ratna Shri Atal Bihari Vajpayee Ekana Cricket Stadium, Lucknow",Good
Tilak Varma,"Bharat Ratna Shri Atal Bihari Vajpayee Ekana Cricket Stadium, Lucknow",Bad
UT Yadav,"Bharat Ratna Shri Atal Bihari Vajpayee Ekana Cricket Stadium, Lucknow",Bad
V Kohli,"Bharat Ratna Shri Atal Bihari Vajpayee Ekana Cricket Stadium, Lucknow",Good
V Shankar,"Bharat Ratna Shri Atal Bihari Vajpayee Ekana Cricket Stadium, Lucknow",Poor
VR Iyer,"Bharat Ratna Shri Atal Bihari Vajpayee Ekana Cricket Stadium, Lucknow",Bad
Vishnu Vinod,"Bharat Ratna Shri Atal Bihari Vajpayee Ekana Cricket Stadium, Lucknow",Bad
WP Saha,"Bharat Ratna Shri Atal Bihari Vajpayee Ekana Cricket Stadium, Lucknow",Excellent
Washington Sundar,"Bharat Ratna Shri Atal Bihari Vajpayee Ekana Cricket Stadium, Lucknow",Poor
YBK Jaiswal,"Bharat Ratna Shri Atal Bihari Vajpayee Ekana Cricket Stadium, Lucknow",Average
Yudhvir Singh,"Bharat Ratna Shri Atal Bihari Vajpayee Ekana Cricket Stadium, Lucknow",Bad
A Badoni,"Brabourne Stadium, Mumbai",Bad
AD Russell,"Brabourne Stadium, Mumbai",Average
AJ Finch,"Brabourne Stadium, Mumbai",Good
AK Markram,"Brabourne Stadium, Mumbai",Excellent
AM Rahane,"Brabourne Stadium, Mumbai",Bad
AR Patel,"Brabourne Stadium, Mumbai",Good
AT Rayudu,"Brabourne Stadium, Mumbai",Poor
Abhishek Sharma,"Brabourne Stadium, Mumbai",Poor
Aman Hakim Khan,"Brabourne Stadium, Mumbai",Bad
Anmolpreet Singh,"Brabourne Stadium, Mumbai",Bad
Anuj Rawat,"Brabourne Stadium, Mumbai",Bad
Arshdeep Singh,"Brabourne Stadium, Mumbai",Bad
Avesh Khan,"Brabourne Stadium, Mumbai",Bad
B Kumar,"Brabourne Stadium, Mumbai",Bad
B Sai Sudharsan,"Brabourne Stadium, Mumbai",Average
CJ Jordan,"Brabourne Stadium, Mumbai",Bad
CV Varun,"Brabourne Stadium, Mumbai",Bad
D Brevis,"Brabourne Stadium, Mumbai",Good
D Padikkal,"Brabourne Stadium, Mumbai",Average
D Pretorius,"Brabourne Stadium, Mumbai",Bad
DA Miller,"Brabourne Stadium, Mumbai",Average
DA Warner,"Brabourne Stadium, Mumbai",Excellent
DJ Bravo,"Brabourne Stadium, Mumbai",Bad
DJ Hooda,"Brabourne Stadium, Mumbai",Average
DP Conway,"Brabourne Stadium, Mumbai",Poor
DR Sams,"Brabourne Stadium, Mumbai",Bad
E Lewis,"Brabourne Stadium, Mumbai",Excellent
F du Plessis,"Brabourne Stadium, Mumbai",Bad
FA Allen,"Brabourne Stadium, Mumbai",Bad
GJ Maxwell,"Brabourne Stadium, Mumbai",Average
HH Pandya,"Brabourne Stadium, Mumbai",Poor
HV Patel,"Brabourne Stadium, Mumbai",Bad
Harpreet Brar,"Brabourne Stadium, Mumbai",Bad
Ishan Kishan,"Brabourne Stadium, Mumbai",Excellent
JC Buttler,"Brabourne Stadium, Mumbai",Good
JD Unadkat,"Brabourne Stadium, Mumbai",Poor
JDS Neesham,"Brabourne Stadium, Mumbai",Poor
JM Bairstow,"Brabourne Stadium, Mumbai",Average
JM Sharma,"Brabourne Stadium, Mumbai",Average
JO Holder,"Brabourne Stadium, Mumbai",Bad
JR Hazlewood,"Brabourne Stadium, Mumbai",Bad
K Rabada,"Brabourne Stadium, Mumbai",Bad
KA Pollard,"Brabourne Stadium, Mumbai",Poor
KD Karthik,"Brabourne Stadium, Mumbai",Bad
KH Pandya,"Brabourne Stadium, Mumbai",Poor
KK Nair,"Brabourne Stadium, Mumbai",Bad
KL Rahul,"Brabourne Stadium, Mumbai",Excellent
KS Williamson,"Brabourne Stadium, Mumbai",Poor
Kartik Tyagi,"Brabourne Stadium, Mumbai",Bad
LS Livingstone,"Brabourne Stadium, Mumbai",Excellent
Lalit Yadav,"Brabourne Stadium, Mumbai",Average
M Ashwin,"Brabourne Stadium, Mumbai",Bad
M Shahrukh Khan,"Brabourne Stadium, Mumbai",Poor
MA Agarwal,"Brabourne Stadium, Mumbai",Poor
MJ Santner,"Brabourne Stadium, Mumbai",Bad
MK Lomror,"Brabourne Stadium, Mumbai",Poor
MK Pandey,"Brabourne Stadium, Mumbai",Average
MM Ali,"Brabourne Stadium, Mumbai",Excellent
MP Stoinis,"Brabourne Stadium, Mumbai",Poor
MR Marsh,"Brabourne Stadium, Mumbai",Poor
MS Dhoni,"Brabourne Stadium, Mumbai",Average
MS Wade,"Brabourne Stadium, Mumbai",Bad
Mandeep Singh,"Brabourne Stadium, Mumbai",Bad
Mohammed Siraj,"Brabourne Stadium, Mumbai",Bad
Mohsin Khan,"Brabourne Stadium, Mumbai",Bad
Mukesh Choudhary,"Brabourne Stadium, Mumbai",Bad
N Jagadeesan,"Brabourne Stadium, Mumbai",Bad
N Pooran,"Brabourne Stadium, Mumbai",Good
N Rana,"Brabourne Stadium, Mumbai",Good
NT Ellis,"Brabourne Stadium, Mumbai",Bad
OF Smith,"Brabourne Stadium, Mumbai",Bad
PBB Rajapaksa,"Brabourne Stadium, Mumbai",Bad
PJ Cummins,"Brabourne Stadium, Mumbai",Bad
PP Shaw,"Brabourne Stadium, Mumbai",Excellent
PVD Chameera,"Brabourne Stadium, Mumbai",Bad
PWH de Silva,"Brabourne Stadium, Mumbai",Bad
Q de Kock,"Brabourne Stadium, Mumbai",Good
R Ashwin,"Brabourne Stadium, Mumbai",Poor
R Dhawan,"Brabourne Stadium, Mumbai",Bad
R Parag,"Brabourne Stadium, Mumbai",Poor
R Powell,"Brabourne Stadium, Mumbai",Average
R Tewatia,"Brabourne Stadium, Mumbai",Poor
RA Jadeja,"Brabourne Stadium, Mumbai",Bad
RA Tripathi,"Brabourne Stadium, Mumbai",Good
RD Chahar,"Brabourne Stadium, Mumbai",Poor
RD Gaikwad,"Brabourne Stadium, Mumbai",Bad
RG Sharma,"Brabourne Stadium, Mumbai",Good
RM Patidar,"Brabourne Stadium, Mumbai",Good
RR Pant,"Brabourne Stadium, Mumbai",Poor
RV Uthappa,"Brabourne Stadium, Mumbai",Good
Rashid Khan,"Brabourne Stadium, Mumbai",Bad
Rasikh Salam,"Brabourne Stadium, Mumbai",Bad
S Dhawan,"Brabourne Stadium, Mumbai",Average
S Dube,"Brabourne Stadium, Mumbai",Excellent
S Gopal,"Brabourne Stadium, Mumbai",Bad
SA Abbott,"Brabourne Stadium, Mumbai",Bad
SA Yadav,"Brabourne Stadium, Mumbai",Average
SN Khan,"Brabourne Stadium, Mumbai",Poor
SN Thakur,"Brabourne Stadium, Mumbai",Average
SO Hetmyer,"Brabourne Stadium, Mumbai",Poor
SP Jackson,"Brabourne Stadium, Mumbai",Bad
SP Narine,"Brabourne Stadium, Mumbai",Bad
SS Iyer,"Brabourne Stadium, Mumbai",Excellent
SS Prabhudessai,"Brabourne Stadium, Mumbai",Poor
SV Samson,"Brabourne Stadium, Mumbai",Average
SW Billings,"Brabourne Stadium, Mumbai",Poor
Shahbaz Ahmed,"Brabourne Stadium, Mumbai",Bad
Shashank Singh,"Brabourne Stadium, Mumbai",Poor
Shivam Mavi,"Brabourne Stadium, Mumbai",Bad
Shubman Gill,"Brabourne Stadium, Mumbai",Excellent
Simarjeet Singh,"Brabourne Stadium, Mumbai",Bad
TA Boult,"Brabourne Stadium, Mumbai",Poor
TH David,"Brabourne Stadium, Mumbai",Average
TL Seifert,"Brabourne Stadium, Mumbai",Average
TS Mills,"Brabourne Stadium, Mumbai",Bad
Tilak Varma,"Brabourne Stadium, Mumbai",Average
UT Yadav,"Brabourne Stadium, Mumbai",Bad
V Kohli,"Brabourne Stadium, Mumbai",Average
VG Arora,"Brabourne Stadium, Mumbai",Bad
VR Iyer,"Brabourne Stadium, Mumbai",Poor
WP Saha,"Brabourne Stadium, Mumbai",Excellent
YBK Jaiswal,"Brabourne Stadium, Mumbai",Excellent
A Badoni,"Dr DY Patil Sports Academy, Mumbai",Poor
A Manohar,"Dr DY Patil Sports Academy, Mumbai",Average
A Nortje,"Dr DY Patil Sports Academy, Mumbai",Bad
A Tomar,"Dr DY Patil Sports Academy, Mumbai",Bad
AD Russell,"Dr DY Patil Sports Academy, Mumbai",Average
AK Markram,"Dr DY Patil Sports Academy, Mumbai",Average
AM Rahane,"Dr DY Patil Sports Academy, Mumbai",Poor
AR Patel,"Dr DY Patil Sports Academy, Mumbai",Bad
AS Joseph,"Dr DY Patil Sports Academy, Mumbai",Bad
AT Rayudu,"Dr DY Patil Sports Academy, Mumbai",Average
Abdul Samad,"Dr DY Patil Sports Academy, Mumbai",Bad
Abhishek Sharma,"Dr DY Patil Sports Academy, Mumbai",Excellent
Akash Deep,"Dr DY Patil Sports Academy, Mumbai",Bad
Anmolpreet Singh,"Dr DY Patil Sports Academy, Mumbai",Bad
Anuj Rawat,"Dr DY Patil Sports Academy, Mumbai",Bad
Arshdeep Singh,"Dr DY Patil Sports Academy, Mumbai",Bad
B Kumar,"Dr DY Patil Sports Academy, Mumbai",Bad
B Sai Sudharsan,"Dr DY Patil Sports Academy, Mumbai",Good
CJ Jordan,"Dr DY Patil Sports Academy, Mumbai",Bad
CV Varun,"Dr DY Patil Sports Academy, Mumbai",Poor
D Brevis,"Dr DY Patil Sports Academy, Mumbai",Bad
D Padikkal,"Dr DY Patil Sports Academy, Mumbai",Poor
D Pretorius,"Dr DY Patil Sports Academy, Mumbai",Average
DA Miller,"Dr DY Patil Sports Academy, Mumbai",Average
DA Warner,"Dr DY Patil Sports Academy, Mumbai",Poor
DJ Bravo,"Dr DY Patil Sports Academy, Mumbai",Bad
DJ Hooda,"Dr DY Patil Sports Academy, Mumbai",Average
DJ Mitchell,"Dr DY Patil Sports Academy, Mumbai",Poor
DJ Willey,"Dr DY Patil Sports Academy, Mumbai",Poor
DP Conway,"Dr DY Patil Sports Academy, Mumbai",Excellent
DR Sams,"Dr DY Patil Sports Academy, Mumbai",Bad
E Lewis,"Dr DY Patil Sports Academy, Mumbai",Bad
F du Plessis,"Dr DY Patil Sports Academy, Mumbai",Excellent
GJ Maxwell,"Dr DY Patil Sports Academy, Mumbai",Average
HE van der Dussen,"Dr DY Patil Sports Academy, Mumbai",Bad
HH Pandya,"Dr DY Patil Sports Academy, Mumbai",Excellent
HR Shokeen,"Dr DY Patil Sports Academy, Mumbai",Average
HV Patel,"Dr DY Patil Sports Academy, Mumbai",Bad
Harpreet Brar,"Dr DY Patil Sports Academy, Mumbai",Bad
Ishan Kishan,"Dr DY Patil Sports Academy, Mumbai",Good
JC Buttler,"Dr DY Patil Sports Academy, Mumbai",Excellent
JD Unadkat,"Dr DY Patil Sports Academy, Mumbai",Poor
JDS Neesham,"Dr DY Patil Sports Academy, Mumbai",Poor
JJ Bumrah,"Dr DY Patil Sports Academy, Mumbai",Bad
JM Bairstow,"Dr DY Patil Sports Academy, Mumbai",Poor
JM Sharma,"Dr DY Patil Sports Academy, Mumbai",Average
JO Holder,"Dr DY Patil Sports Academy, Mumbai",Poor
JR Hazlewood,"Dr DY Patil Sports Academy, Mumbai",Bad
K Kartikeya,"Dr DY Patil Sports Academy, Mumbai",Bad
K Rabada,"Dr DY Patil Sports Academy, Mumbai",Bad
KA Pollard,"Dr DY Patil Sports Academy, Mumbai",Poor
KD Karthik,"Dr DY Patil Sports Academy, Mumbai",Average
KH Pandya,"Dr DY Patil Sports Academy, Mumbai",Average
KK Ahmed,"Dr DY Patil Sports Academy, Mumbai",Bad
KL Rahul,"Dr DY Patil Sports Academy, Mumbai",Excellent
KR Sen,"Dr DY Patil Sports Academy, Mumbai",Bad
KS Bharat,"Dr DY Patil Sports Academy, Mumbai",Bad
KS Williamson,"Dr DY Patil Sports Academy, Mumbai",Average
Kuldeep Yadav,"Dr DY Patil Sports Academy, Mumbai",Bad
LH Ferguson,"Dr DY Patil Sports Academy, Mumbai",Bad
LS Livingstone,"Dr DY Patil Sports Academy, Mumbai",Average
Lalit Yadav,"Dr DY Patil Sports Academy, Mumbai",Average
M Ashwin,"Dr DY Patil Sports Academy, Mumbai",Bad
M Prasidh Krishna,"Dr DY Patil Sports Academy, Mumbai",Bad
M Shahrukh Khan,"Dr DY Patil Sports Academy, Mumbai",Average
MA Agarwal,"Dr DY Patil Sports Academy, Mumbai",Poor
MJ Santner,"Dr DY Patil Sports Academy, Mumbai",Poor
MK Pandey,"Dr DY Patil Sports Academy, Mumbai",Bad
MM Ali,"Dr DY Patil Sports Academy, Mumbai",Average
MP Stoinis,"Dr DY Patil Sports Academy, Mumbai",Average
MR Marsh,"Dr DY Patil Sports Academy, Mumbai",Excellent
MS Dhoni,"Dr DY Patil Sports Academy, Mumbai",Poor
MS Wade,"Dr DY Patil Sports Academy, Mumbai",Poor
Mohammed Siraj,"Dr DY Patil Sports Academy, Mumbai",Poor
N Pooran,"Dr DY Patil Sports Academy, Mumbai",Average
N Rana,"Dr DY Patil Sports Academy, Mumbai",Average
Navdeep Saini,"Dr DY Patil Sports Academy, Mumbai",Bad
OF Smith,"Dr DY Patil Sports Academy, Mumbai",Poor
P Simran Singh,"Dr DY Patil Sports Academy, Mumbai",Poor
PBB Rajapaksa,"Dr DY Patil Sports Academy, Mumbai",Average
PJ Cummins,"Dr DY Patil Sports Academy, Mumbai",Bad
PJ Sangwan,"Dr DY Patil Sports Academy, Mumbai",Bad
PP Shaw,"Dr DY Patil Sports Academy, Mumbai",Excellent
PVD Chameera,"Dr DY Patil Sports Academy, Mumbai",Bad
PWH de Silva,"Dr DY Patil Sports Academy, Mumbai",Bad
Q de Kock,"Dr DY Patil Sports Academy, Mumbai",Excellent
R Ashwin,"Dr DY Patil Sports Academy, Mumbai",Average
R Dhawan,"Dr DY Patil Sports Academy, Mumbai",Bad
R Parag,"Dr DY Patil Sports Academy, Mumbai",Bad
R Powell,"Dr DY Patil Sports Academy, Mumbai",Bad
R Shepherd,"Dr DY Patil Sports Academy, Mumbai",Bad
R Tewatia,"Dr DY Patil Sports Academy, Mumbai",Poor
RA Bawa,"Dr DY Patil Sports Academy, Mumbai",Bad
RA Jadeja,"Dr DY Patil Sports Academy, Mumbai",Bad
RA Tripathi,"Dr DY Patil Sports Academy, Mumbai",Good
RD Chahar,"Dr DY Patil Sports Academy, Mumbai",Poor
RD Gaikwad,"Dr DY Patil Sports Academy, Mumbai",Poor
RG Sharma,"Dr DY Patil Sports Academy, Mumbai",Bad
RK Singh,"Dr DY Patil Sports Academy, Mumbai",Good
RP Meredith,"Dr DY Patil Sports Academy, Mumbai",Bad
RR Pant,"Dr DY Patil Sports Academy, Mumbai",Average
RV Patel,"Dr DY Patil Sports Academy, Mumbai",Bad
RV Uthappa,"Dr DY Patil Sports Academy, Mumbai",Good
Ramandeep Singh,"Dr DY Patil Sports Academy, Mumbai",Poor
Rashid Khan,"Dr DY Patil Sports Academy, Mumbai",Bad
Ravi Bishnoi,"Dr DY Patil Sports Academy, Mumbai",Bad
S Dhawan,"Dr DY Patil Sports Academy, Mumbai",Good
S Dube,"Dr DY Patil Sports Academy, Mumbai",Good
SA Yadav,"Dr DY Patil Sports Academy, Mumbai",Excellent
SE Rutherford,"Dr DY Patil Sports Academy, Mumbai",Average
SN Khan,"Dr DY Patil Sports Academy, Mumbai",Good
SN Thakur,"Dr DY Patil Sports Academy, Mumbai",Poor
SO Hetmyer,"Dr DY Patil Sports Academy, Mumbai",Average
SP Jackson,"Dr DY Patil Sports Academy, Mumbai",Bad
SP Narine,"Dr DY Patil Sports Academy, Mumbai",Bad
SS Iyer,"Dr DY Patil Sports Academy, Mumbai",Average
SS Prabhudessai,"Dr DY Patil Sports Academy, Mumbai",Average
SV Samson,"Dr DY Patil Sports Academy, Mumbai",Poor
SW Billings,"Dr DY Patil Sports Academy, Mumbai",Poor
Shahbaz Ahmed,"Dr DY Patil Sports Academy, Mumbai",Good
Shivam Mavi,"Dr DY Patil Sports Academy, Mumbai",Bad
Shubman Gill,"Dr DY Patil Sports Academy, Mumbai",Bad
TA Boult,"Dr DY Patil Sports Academy, Mumbai",Bad
TG Southee,"Dr DY Patil Sports Academy, Mumbai",Bad
TH David,"Dr DY Patil Sports Academy, Mumbai",Poor
Tilak Varma,"Dr DY Patil Sports Academy, Mumbai",Good
UT Yadav,"Dr DY Patil Sports Academy, Mumbai",Poor
Umran Malik,"Dr DY Patil Sports Academy, Mumbai",Bad
V Kohli,"Dr DY Patil Sports Academy, Mumbai",Poor
V Shankar,"Dr DY Patil Sports Academy, Mumbai",Bad
VG Arora,"Dr DY Patil Sports Academy, Mumbai",Bad
VR Iyer,"Dr DY Patil Sports Academy, Mumbai",Poor
WP Saha,"Dr DY Patil Sports Academy, Mumbai",Average
Washington Sundar,"Dr DY Patil Sports Academy, Mumbai",Poor
YBK Jaiswal,"Dr DY Patil Sports Academy, Mumbai",Poor
YS Chahal,"Dr DY Patil Sports Academy, Mumbai",Bad
Yash Dayal,"Dr DY Patil Sports Academy, Mumbai",Bad
A Nortje,Dr YS Rajasekhara Reddy Cricket Stadium (Visakhapatnam),Bad
A Raghuvanshi,Dr YS Rajasekhara Reddy Cricket Stadium (Visakhapatnam),Excellent
AD Russell,Dr YS Rajasekhara Reddy Cricket Stadium (Visakhapatnam),Excellent
AM Rahane,Dr YS Rajasekhara Reddy Cricket Stadium (Visakhapatnam),Excellent
AR Patel,Dr YS Rajasekhara Reddy Cricket Stadium (Visakhapatnam),Bad
Abishek Porel,Dr YS Rajasekhara Reddy Cricket Stadium (Visakhapatnam),Bad
DA Warner,Dr YS Rajasekhara Reddy Cricket Stadium (Visakhapatnam),Excellent
DJ Mitchell,Dr YS Rajasekhara Reddy Cricket Stadium (Visakhapatnam),Good
I Sharma,Dr YS Rajasekhara Reddy Cricket Stadium (Visakhapatnam),Bad
MA Starc,Dr YS Rajasekhara Reddy Cricket Stadium (Visakhapatnam),Bad
MR Marsh,Dr YS Rajasekhara Reddy Cricket Stadium (Visakhapatnam),Bad
MS Dhoni,Dr YS Rajasekhara Reddy Cricket Stadium (Visakhapatnam),Good
PD Salt,Dr YS Rajasekhara Reddy Cricket Stadium (Visakhapatnam),Poor
PP Shaw,Dr YS Rajasekhara Reddy Cricket Stadium (Visakhapatnam),Excellent
R Ravindra,Dr YS Rajasekhara Reddy Cricket Stadium (Visakhapatnam),Bad
RA Jadeja,Dr YS Rajasekhara Reddy Cricket Stadium (Visakhapatnam),Average
RD Gaikwad,Dr YS Rajasekhara Reddy Cricket Stadium (Visakhapatnam),Bad
RK Singh,Dr YS Rajasekhara Reddy Cricket Stadium (Visakhapatnam),Average
RR Pant,Dr YS Rajasekhara Reddy Cricket Stadium (Visakhapatnam),Excellent
Ramandeep Singh,Dr YS Rajasekhara Reddy Cricket Stadium (Visakhapatnam),Bad
Rasikh Salam,Dr YS Rajasekhara Reddy Cricket Stadium (Visakhapatnam),Bad
S Dube,Dr YS Rajasekhara Reddy Cricket Stadium (Visakhapatnam),Poor
SP Narine,Dr YS Rajasekhara Reddy Cricket Stadium (Visakhapatnam),Excellent
SS Iyer,Dr YS Rajasekhara Reddy Cricket Stadium (Visakhapatnam),Poor
Sameer Rizvi,Dr YS Rajasekhara Reddy Cricket Stadium (Visakhapatnam),Bad
Sumit Kumar,Dr YS Rajasekhara Reddy Cricket Stadium (Visakhapatnam),Bad
T Stubbs,Dr YS Rajasekhara Reddy Cricket Stadium (Visakhapatnam),Bad
VR Iyer,Dr YS Rajasekhara Reddy Cricket Stadium (Visakhapatnam),Bad
A Badoni,"Eden Gardens, Kolkata",Average
A Kamboj,"Eden Gardens, Kolkata",Bad
A Raghuvanshi,"Eden Gardens, Kolkata",Poor
AD Russell,"Eden Gardens, Kolkata",Average
AK Markram,"Eden Gardens, Kolkata",Good
AM Rahane,"Eden Gardens, Kolkata",Excellent
AR Patel,"Eden Gardens, Kolkata",Poor
AS Roy,"Eden Gardens, Kolkata",Bad
Abdul Samad,"Eden Gardens, Kolkata",Poor
Abhishek Sharma,"Eden Gardens, Kolkata",Good
Abishek Porel,"Eden Gardens, Kolkata",Poor
Akash Deep,"Eden Gardens, Kolkata",Poor
Anuj Rawat,"Eden Gardens, Kolkata",Bad
Arshad Khan (2),"Eden Gardens, Kolkata",Bad
C Green,"Eden Gardens, Kolkata",Bad
CV Varun,"Eden Gardens, Kolkata",Bad
D Padikkal,"Eden Gardens, Kolkata",Average
D Wiese,"Eden Gardens, Kolkata",Bad
DA Miller,"Eden Gardens, Kolkata",Excellent
DJ Hooda,"Eden Gardens, Kolkata",Average
DJ Willey,"Eden Gardens, Kolkata",Average
DP Conway,"Eden Gardens, Kolkata",Excellent
Dhruv Jurel,"Eden Gardens, Kolkata",Bad
E Lewis,"Eden Gardens, Kolkata",Bad
F du Plessis,"Eden Gardens, Kolkata",Poor
GJ Maxwell,"Eden Gardens, Kolkata",Bad
H Klaasen,"Eden Gardens, Kolkata",Good
HC Brook,"Eden Gardens, Kolkata",Excellent
HH Pandya,"Eden Gardens, Kolkata",Average
HV Patel,"Eden Gardens, Kolkata",Bad
Harpreet Brar,"Eden Gardens, Kolkata",Poor
Ishan Kishan,"Eden Gardens, Kolkata",Excellent
J Fraser-McGurk,"Eden Gardens, Kolkata",Poor
JC Buttler,"Eden Gardens, Kolkata",Excellent
JJ Roy,"Eden Gardens, Kolkata",Good
JM Bairstow,"Eden Gardens, Kolkata",Excellent
JM Sharma,"Eden Gardens, Kolkata",Average
K Gowtham,"Eden Gardens, Kolkata",Poor
KD Karthik,"Eden Gardens, Kolkata",Average
KH Pandya,"Eden Gardens, Kolkata",Bad
KL Rahul,"Eden Gardens, Kolkata",Excellent
KS Sharma,"Eden Gardens, Kolkata",Bad
KV Sharma,"Eden Gardens, Kolkata",Poor
Kuldeep Yadav,"Eden Gardens, Kolkata",Good
Kumar Kushagra,"Eden Gardens, Kolkata",Bad
LB Williams,"Eden Gardens, Kolkata",Bad
LH Ferguson,"Eden Gardens, Kolkata",Bad
LS Livingstone,"Eden Gardens, Kolkata",Poor
M Jansen,"Eden Gardens, Kolkata",Bad
M Shahrukh Khan,"Eden Gardens, Kolkata",Average
M Vohra,"Eden Gardens, Kolkata",Poor
MA Agarwal,"Eden Gardens, Kolkata",Average
MA Starc,"Eden Gardens, Kolkata",Bad
MG Bracewell,"Eden Gardens, Kolkata",Poor
MK Lomror,"Eden Gardens, Kolkata",Bad
MP Stoinis,"Eden Gardens, Kolkata",Bad
MS Dhoni,"Eden Gardens, Kolkata",Bad
MS Wade,"Eden Gardens, Kolkata",Good
Mandeep Singh,"Eden Gardens, Kolkata",Bad
N Jagadeesan,"Eden Gardens, Kolkata",Poor
N Pooran,"Eden Gardens, Kolkata",Excellent
N Rana,"Eden Gardens, Kolkata",Average
N Wadhera,"Eden Gardens, Kolkata",Bad
Naman Dhir,"Eden Gardens, Kolkata",Poor
Naveen-ul-Haq,"Eden Gardens, Kolkata",Bad
P Simran Singh,"Eden Gardens, Kolkata",Good
PBB Rajapaksa,"Eden Gardens, Kolkata",Bad
PD Salt,"Eden Gardens, Kolkata",Excellent
PJ Cummins,"Eden Gardens, Kolkata",Bad
PN Mankad,"Eden Gardens, Kolkata",Average
PP Chawla,"Eden Gardens, Kolkata",Bad
PP Shaw,"Eden Gardens, Kolkata",Poor
PVD Chameera,"Eden Gardens, Kolkata",Poor
Q de Kock,"Eden Gardens, Kolkata",Poor
R Ashwin,"Eden Gardens, Kolkata",Bad
R Dhawan,"Eden Gardens, Kolkata",Poor
R Parag,"Eden Gardens, Kolkata",Poor
R Powell,"Eden Gardens, Kolkata",Average
RA Jadeja,"Eden Gardens, Kolkata",Poor
RA Tripathi,"Eden Gardens, Kolkata",Poor
RD Gaikwad,"Eden Gardens, Kolkata",Good
RG Sharma,"Eden Gardens, Kolkata",Poor
RK Singh,"Eden Gardens, Kolkata",Average
RM Patidar,"Eden Gardens, Kolkata",Excellent
RR Pant,"Eden Gardens, Kolkata",Average
RR Rossouw,"Eden Gardens, Kolkata",Average
Rahmanullah Gurbaz,"Eden Gardens, Kolkata",Good
Ramandeep Singh,"Eden Gardens, Kolkata",Poor
Rasikh Salam,"Eden Gardens, Kolkata",Bad
Ravi Bishnoi,"Eden Gardens, Kolkata",Bad
S Dhawan,"Eden Gardens, Kolkata",Excellent
S Dube,"Eden Gardens, Kolkata",Excellent
SA Yadav,"Eden Gardens, Kolkata",Poor
SD Hope,"Eden Gardens, Kolkata",Bad
SM Curran,"Eden Gardens, Kolkata",Bad
SN Thakur,"Eden Gardens, Kolkata",Poor
SO Hetmyer,"Eden Gardens, Kolkata",Bad
SP Narine,"Eden Gardens, Kolkata",Poor
SS Iyer,"Eden Gardens, Kolkata",Average
SS Prabhudessai,"Eden Gardens, Kolkata",Average
SV Samson,"Eden Gardens, Kolkata",Good
Shahbaz Ahmed,"Eden Gardens, Kolkata",Bad
Shashank Singh,"Eden Gardens, Kolkata",Excellent
Shubman Gill,"Eden Gardens, Kolkata",Excellent
T Stubbs,"Eden Gardens, Kolkata",Bad
TA Boult,"Eden Gardens, Kolkata",Bad
TH David,"Eden Gardens, Kolkata",Bad
Tilak Varma,"Eden Gardens, Kolkata",Good
UT Yadav,"Eden Gardens, Kolkata",Bad
V Kohli,"Eden Gardens, Kolkata",Average
V Shankar,"Eden Gardens, Kolkata",Excellent
VG Arora,"Eden Gardens, Kolkata",Bad
VR Iyer,"Eden Gardens, Kolkata",Average
WG Jacks,"Eden Gardens, Kolkata",Excellent
WP Saha,"Eden Gardens, Kolkata",Bad
YBK Jaiswal,"Eden Gardens, Kolkata",Excellent
AM Rahane,Himachal Pradesh Cricket Association Stadium (Dharamsala),Bad
Arshdeep Singh,Himachal Pradesh Cricket Association Stadium (Dharamsala),Bad
Ashutosh Sharma,Himachal Pradesh Cricket Association Stadium (Dharamsala),Bad
Atharva Taide,Himachal Pradesh Cricket Association Stadium (Dharamsala),Good
C Green,Himachal Pradesh Cricket Association Stadium (Dharamsala),Excellent
D Padikkal,Himachal Pradesh Cricket Association Stadium (Dharamsala),Excellent
DA Warner,Himachal Pradesh Cricket Association Stadium (Dharamsala),Excellent
DJ Mitchell,Himachal Pradesh Cricket Association Stadium (Dharamsala),Good
Dhruv Jurel,Himachal Pradesh Cricket Association Stadium (Dharamsala),Poor
F du Plessis,Himachal Pradesh Cricket Association Stadium (Dharamsala),Bad
HV Patel,Himachal Pradesh Cricket Association Stadium (Dharamsala),Bad
Harpreet Brar,Himachal Pradesh Cricket Association Stadium (Dharamsala),Bad
JC Buttler,Himachal Pradesh Cricket Association Stadium (Dharamsala),Bad
JM Bairstow,Himachal Pradesh Cricket Association Stadium (Dharamsala),Poor
JM Sharma,Himachal Pradesh Cricket Association Stadium (Dharamsala),Poor
K Rabada,Himachal Pradesh Cricket Association Stadium (Dharamsala),Poor
KD Karthik,Himachal Pradesh Cricket Association Stadium (Dharamsala),Poor
LS Livingstone,Himachal Pradesh Cricket Association Stadium (Dharamsala),Good
M Shahrukh Khan,Himachal Pradesh Cricket Association Stadium (Dharamsala),Average
MJ Santner,Himachal Pradesh Cricket Association Stadium (Dharamsala),Poor
MK Lomror,Himachal Pradesh Cricket Association Stadium (Dharamsala),Bad
MM Ali,Himachal Pradesh Cricket Association Stadium (Dharamsala),Poor
MS Dhoni,Himachal Pradesh Cricket Association Stadium (Dharamsala),Bad
P Simran Singh,Himachal Pradesh Cricket Association Stadium (Dharamsala),Poor
PD Salt,Himachal Pradesh Cricket Association Stadium (Dharamsala),Average
PP Shaw,Himachal Pradesh Cricket Association Stadium (Dharamsala),Excellent
R Parag,Himachal Pradesh Cricket Association Stadium (Dharamsala),Average
RA Jadeja,Himachal Pradesh Cricket Association Stadium (Dharamsala),Excellent
RD Chahar,Himachal Pradesh Cricket Association Stadium (Dharamsala),Poor
RD Gaikwad,Himachal Pradesh Cricket Association Stadium (Dharamsala),Good
RJ Gleeson,Himachal Pradesh Cricket Association Stadium (Dharamsala),Bad
RM Patidar,Himachal Pradesh Cricket Association Stadium (Dharamsala),Excellent
RR Rossouw,Himachal Pradesh Cricket Association Stadium (Dharamsala),Excellent
S Dhawan,Himachal Pradesh Cricket Association Stadium (Dharamsala),Bad
S Dube,Himachal Pradesh Cricket Association Stadium (Dharamsala),Bad
SM Curran,Himachal Pradesh Cricket Association Stadium (Dharamsala),Average
SN Thakur,Himachal Pradesh Cricket Association Stadium (Dharamsala),Poor
SO Hetmyer,Himachal Pradesh Cricket Association Stadium (Dharamsala),Excellent
SV Samson,Himachal Pradesh Cricket Association Stadium (Dharamsala),Bad
Shashank Singh,Himachal Pradesh Cricket Association Stadium (Dharamsala),Good
Swapnil Singh,Himachal Pradesh Cricket Association Stadium (Dharamsala),Bad
TA Boult,Himachal Pradesh Cricket Association Stadium (Dharamsala),Bad
TU Deshpande,Himachal Pradesh Cricket Association Stadium (Dharamsala),Bad
V Kohli,Himachal Pradesh Cricket Association Stadium (Dharamsala),Excellent
WG Jacks,Himachal Pradesh Cricket Association Stadium (Dharamsala),Poor
YBK Jaiswal,Himachal Pradesh Cricket Association Stadium (Dharamsala),Excellent
A Badoni,"M.Chinnaswamy Stadium, Bengaluru",Poor
A Nortje,"M.Chinnaswamy Stadium, Bengaluru",Average
AD Russell,"M.Chinnaswamy Stadium, Bengaluru",Bad
AK Markram,"M.Chinnaswamy Stadium, Bengaluru",Good
AM Rahane,"M.Chinnaswamy Stadium, Bengaluru",Good
AR Patel,"M.Chinnaswamy Stadium, Bengaluru",Good
AT Rayudu,"M.Chinnaswamy Stadium, Bengaluru",Poor
Abdul Basith,"M.Chinnaswamy Stadium, Bengaluru",Bad
Abdul Samad,"M.Chinnaswamy Stadium, Bengaluru",Good
Abhishek Sharma,"M.Chinnaswamy Stadium, Bengaluru",Good
Abishek Porel,"M.Chinnaswamy Stadium, Bengaluru",Bad
Aman Hakim Khan,"M.Chinnaswamy Stadium, Bengaluru",Poor
Anuj Rawat,"M.Chinnaswamy Stadium, Bengaluru",Poor
Arshad Khan,"M.Chinnaswamy Stadium, Bengaluru",Poor
Avesh Khan,"M.Chinnaswamy Stadium, Bengaluru",Bad
B Sai Sudharsan,"M.Chinnaswamy Stadium, Bengaluru",Bad
C Green,"M.Chinnaswamy Stadium, Bengaluru",Poor
D Padikkal,"M.Chinnaswamy Stadium, Bengaluru",Average
D Wiese,"M.Chinnaswamy Stadium, Bengaluru",Poor
DA Miller,"M.Chinnaswamy Stadium, Bengaluru",Poor
DA Warner,"M.Chinnaswamy Stadium, Bengaluru",Poor
DJ Hooda,"M.Chinnaswamy Stadium, Bengaluru",Bad
DJ Mitchell,"M.Chinnaswamy Stadium, Bengaluru",Bad
DJ Willey,"M.Chinnaswamy Stadium, Bengaluru",Bad
DP Conway,"M.Chinnaswamy Stadium, Bengaluru",Excellent
Dhruv Jurel,"M.Chinnaswamy Stadium, Bengaluru",Good
F du Plessis,"M.Chinnaswamy Stadium, Bengaluru",Good
GJ Maxwell,"M.Chinnaswamy Stadium, Bengaluru",Average
H Klaasen,"M.Chinnaswamy Stadium, Bengaluru",Excellent
HR Shokeen,"M.Chinnaswamy Stadium, Bengaluru",Bad
HV Patel,"M.Chinnaswamy Stadium, Bengaluru",Bad
Harpreet Brar,"M.Chinnaswamy Stadium, Bengaluru",Bad
I Sharma,"M.Chinnaswamy Stadium, Bengaluru",Bad
Ishan Kishan,"M.Chinnaswamy Stadium, Bengaluru",Poor
J Fraser-McGurk,"M.Chinnaswamy Stadium, Bengaluru",Average
JC Buttler,"M.Chinnaswamy Stadium, Bengaluru",Bad
JD Unadkat,"M.Chinnaswamy Stadium, Bengaluru",Bad
JJ Roy,"M.Chinnaswamy Stadium, Bengaluru",Excellent
JM Bairstow,"M.Chinnaswamy Stadium, Bengaluru",Bad
JM Sharma,"M.Chinnaswamy Stadium, Bengaluru",Average
KD Karthik,"M.Chinnaswamy Stadium, Bengaluru",Poor
KH Pandya,"M.Chinnaswamy Stadium, Bengaluru",Bad
KL Rahul,"M.Chinnaswamy Stadium, Bengaluru",Poor
KR Mayers,"M.Chinnaswamy Stadium, Bengaluru",Bad
KV Sharma,"M.Chinnaswamy Stadium, Bengaluru",Bad
Kuldeep Yadav,"M.Chinnaswamy Stadium, Bengaluru",Bad
Kumar Kushagra,"M.Chinnaswamy Stadium, Bengaluru",Bad
LS Livingstone,"M.Chinnaswamy Stadium, Bengaluru",Poor
Lalit Yadav,"M.Chinnaswamy Stadium, Bengaluru",Bad
M Shahrukh Khan,"M.Chinnaswamy Stadium, Bengaluru",Good
MA Wood,"M.Chinnaswamy Stadium, Bengaluru",Bad
MD Shanaka,"M.Chinnaswamy Stadium, Bengaluru",Bad
MG Bracewell,"M.Chinnaswamy Stadium, Bengaluru",Average
MJ Santner,"M.Chinnaswamy Stadium, Bengaluru",Bad
MJ Suthar,"M.Chinnaswamy Stadium, Bengaluru",Bad
MK Lomror,"M.Chinnaswamy Stadium, Bengaluru",Poor
MK Pandey,"M.Chinnaswamy Stadium, Bengaluru",Excellent
MM Ali,"M.Chinnaswamy Stadium, Bengaluru",Poor
MM Sharma,"M.Chinnaswamy Stadium, Bengaluru",Bad
MP Stoinis,"M.Chinnaswamy Stadium, Bengaluru",Excellent
MR Marsh,"M.Chinnaswamy Stadium, Bengaluru",Bad
MS Dhoni,"M.Chinnaswamy Stadium, Bengaluru",Poor
Mayank Dagar,"M.Chinnaswamy Stadium, Bengaluru",Bad
Mohammed Siraj,"M.Chinnaswamy Stadium, Bengaluru",Bad
Mukesh Kumar,"M.Chinnaswamy Stadium, Bengaluru",Bad
N Jagadeesan,"M.Chinnaswamy Stadium, Bengaluru",Average
N Pooran,"M.Chinnaswamy Stadium, Bengaluru",Excellent
N Rana,"M.Chinnaswamy Stadium, Bengaluru",Excellent
N Wadhera,"M.Chinnaswamy Stadium, Bengaluru",Average
P Simran Singh,"M.Chinnaswamy Stadium, Bengaluru",Average
PD Salt,"M.Chinnaswamy Stadium, Bengaluru",Good
PP Shaw,"M.Chinnaswamy Stadium, Bengaluru",Bad
PWH de Silva,"M.Chinnaswamy Stadium, Bengaluru",Bad
Q de Kock,"M.Chinnaswamy Stadium, Bengaluru",Excellent
R Ashwin,"M.Chinnaswamy Stadium, Bengaluru",Poor
R Ravindra,"M.Chinnaswamy Stadium, Bengaluru",Excellent
R Tewatia,"M.Chinnaswamy Stadium, Bengaluru",Poor
RA Jadeja,"M.Chinnaswamy Stadium, Bengaluru",Average
RD Gaikwad,"M.Chinnaswamy Stadium, Bengaluru",Bad
RG Sharma,"M.Chinnaswamy Stadium, Bengaluru",Bad
RJW Topley,"M.Chinnaswamy Stadium, Bengaluru",Bad
RK Singh,"M.Chinnaswamy Stadium, Bengaluru",Poor
RM Patidar,"M.Chinnaswamy Stadium, Bengaluru",Average
Rashid Khan,"M.Chinnaswamy Stadium, Bengaluru",Poor
Rasikh Salam,"M.Chinnaswamy Stadium, Bengaluru",Poor
Ravi Bishnoi,"M.Chinnaswamy Stadium, Bengaluru",Bad
S Dhawan,"M.Chinnaswamy Stadium, Bengaluru",Excellent
S Dube,"M.Chinnaswamy Stadium, Bengaluru",Average
SA Yadav,"M.Chinnaswamy Stadium, Bengaluru",Poor
SD Hope,"M.Chinnaswamy Stadium, Bengaluru",Average
SM Curran,"M.Chinnaswamy Stadium, Bengaluru",Average
SN Thakur,"M.Chinnaswamy Stadium, Bengaluru",Bad
SO Hetmyer,"M.Chinnaswamy Stadium, Bengaluru",Bad
SP Narine,"M.Chinnaswamy Stadium, Bengaluru",Excellent
SS Iyer,"M.Chinnaswamy Stadium, Bengaluru",Good
SS Prabhudessai,"M.Chinnaswamy Stadium, Bengaluru",Bad
SV Samson,"M.Chinnaswamy Stadium, Bengaluru",Average
Saurav Chauhan,"M.Chinnaswamy Stadium, Bengaluru",Bad
Shahbaz Ahmed,"M.Chinnaswamy Stadium, Bengaluru",Bad
Shashank Singh,"M.Chinnaswamy Stadium, Bengaluru",Average
Shubman Gill,"M.Chinnaswamy Stadium, Bengaluru",Excellent
Swapnil Singh,"M.Chinnaswamy Stadium, Bengaluru",Bad
T Stubbs,"M.Chinnaswamy Stadium, Bengaluru",Bad
TH David,"M.Chinnaswamy Stadium, Bengaluru",Bad
TM Head,"M.Chinnaswamy Stadium, Bengaluru",Excellent
Tilak Varma,"M.Chinnaswamy Stadium, Bengaluru",Excellent
V Kohli,"M.Chinnaswamy Stadium, Bengaluru",Excellent
V Shankar,"M.Chinnaswamy Stadium, Bengaluru",Good
VR Iyer,"M.Chinnaswamy Stadium, Bengaluru",Excellent
Vijaykumar Vyshak,"M.Chinnaswamy Stadium, Bengaluru",Bad
WD Parnell,"M.Chinnaswamy Stadium, Bengaluru",Bad
WG Jacks,"M.Chinnaswamy Stadium, Bengaluru",Poor
WP Saha,"M.Chinnaswamy Stadium, Bengaluru",Bad
YBK Jaiswal,"M.Chinnaswamy Stadium, Bengaluru",Excellent
YV Dhull,"M.Chinnaswamy Stadium, Bengaluru",Bad
A Badoni,"MA Chidambaram Stadium, Chennai",Poor
A Raghuvanshi,"MA Chidambaram Stadium, Chennai",Average
A Zampa,"MA Chidambaram Stadium, Chennai",Bad
AD Russell,"MA Chidambaram Stadium, Chennai",Bad
AK Markram,"MA Chidambaram Stadium, Chennai",Poor
AM Rahane,"MA Chidambaram Stadium, Chennai",Poor
AR Patel,"MA Chidambaram Stadium, Chennai",Average
AS Roy,"MA Chidambaram Stadium, Chennai",Bad
AT Rayudu,"MA Chidambaram Stadium, Chennai",Poor
Abdul Samad,"MA Chidambaram Stadium, Chennai",Bad
Abhishek Sharma,"MA Chidambaram Stadium, Chennai",Poor
Aman Hakim Khan,"MA Chidambaram Stadium, Chennai",Bad
Anmolpreet Singh,"MA Chidambaram Stadium, Chennai",Bad
Anuj Rawat,"MA Chidambaram Stadium, Chennai",Excellent
Arshad Khan,"MA Chidambaram Stadium, Chennai",Bad
Atharva Taide,"MA Chidambaram Stadium, Chennai",Poor
Azmatullah Omarzai,"MA Chidambaram Stadium, Chennai",Poor
B Kumar,"MA Chidambaram Stadium, Chennai",Bad
B Sai Sudharsan,"MA Chidambaram Stadium, Chennai",Good
BA Stokes,"MA Chidambaram Stadium, Chennai",Bad
C Green,"MA Chidambaram Stadium, Chennai",Average
CJ Jordan,"MA Chidambaram Stadium, Chennai",Bad
D Padikkal,"MA Chidambaram Stadium, Chennai",Average
DA Miller,"MA Chidambaram Stadium, Chennai",Poor
DA Warner,"MA Chidambaram Stadium, Chennai",Bad
DG Nalkande,"MA Chidambaram Stadium, Chennai",Bad
DJ Hooda,"MA Chidambaram Stadium, Chennai",Poor
DJ Mitchell,"MA Chidambaram Stadium, Chennai",Average
DL Chahar,"MA Chidambaram Stadium, Chennai",Bad
DP Conway,"MA Chidambaram Stadium, Chennai",Excellent
Dhruv Jurel,"MA Chidambaram Stadium, Chennai",Average
F du Plessis,"MA Chidambaram Stadium, Chennai",Good
GJ Maxwell,"MA Chidambaram Stadium, Chennai",Bad
H Klaasen,"MA Chidambaram Stadium, Chennai",Average
HC Brook,"MA Chidambaram Stadium, Chennai",Poor
HH Pandya,"MA Chidambaram Stadium, Chennai",Bad
HR Shokeen,"MA Chidambaram Stadium, Chennai",Bad
Ishan Kishan,"MA Chidambaram Stadium, Chennai",Poor
JC Archer,"MA Chidambaram Stadium, Chennai",Bad
JC Buttler,"MA Chidambaram Stadium, Chennai",Good
JD Unadkat,"MA Chidambaram Stadium, Chennai",Bad
JJ Roy,"MA Chidambaram Stadium, Chennai",Poor
JM Bairstow,"MA Chidambaram Stadium, Chennai",Excellent
JM Sharma,"MA Chidambaram Stadium, Chennai",Average
JO Holder,"MA Chidambaram Stadium, Chennai",Bad
K Gowtham,"MA Chidambaram Stadium, Chennai",Bad
KD Karthik,"MA Chidambaram Stadium, Chennai",Good
KH Pandya,"MA Chidambaram Stadium, Chennai",Bad
KL Rahul,"MA Chidambaram Stadium, Chennai",Poor
KR Mayers,"MA Chidambaram Stadium, Chennai",Good
Kuldeep Yadav,"MA Chidambaram Stadium, Chennai",Bad
LS Livingstone,"MA Chidambaram Stadium, Chennai",Excellent
Lalit Yadav,"MA Chidambaram Stadium, Chennai",Poor
M Jansen,"MA Chidambaram Stadium, Chennai",Poor
M Shahrukh Khan,"MA Chidambaram Stadium, Chennai",Bad
MA Agarwal,"MA Chidambaram Stadium, Chennai",Bad
MA Starc,"MA Chidambaram Stadium, Chennai",Bad
MA Wood,"MA Chidambaram Stadium, Chennai",Poor
MD Shanaka,"MA Chidambaram Stadium, Chennai",Poor
MJ Santner,"MA Chidambaram Stadium, Chennai",Bad
MK Pandey,"MA Chidambaram Stadium, Chennai",Average
MM Ali,"MA Chidambaram Stadium, Chennai",Bad
MP Stoinis,"MA Chidambaram Stadium, Chennai",Excellent
MR Marsh,"MA Chidambaram Stadium, Chennai",Bad
MS Dhoni,"MA Chidambaram Stadium, Chennai",Bad
Mohammed Shami,"MA Chidambaram Stadium, Chennai",Bad
Mohsin Khan,"MA Chidambaram Stadium, Chennai",Bad
N Pooran,"MA Chidambaram Stadium, Chennai",Average
N Rana,"MA Chidambaram Stadium, Chennai",Excellent
N Wadhera,"MA Chidambaram Stadium, Chennai",Excellent
Naveen-ul-Haq,"MA Chidambaram Stadium, Chennai",Bad
Nithish Kumar Reddy,"MA Chidambaram Stadium, Chennai",Poor
Noor Ahmad,"MA Chidambaram Stadium, Chennai",Bad
P Simran Singh,"MA Chidambaram Stadium, Chennai",Average
PD Salt,"MA Chidambaram Stadium, Chennai",Bad
PJ Cummins,"MA Chidambaram Stadium, Chennai",Poor
PN Mankad,"MA Chidambaram Stadium, Chennai",Bad
PP Chawla,"MA Chidambaram Stadium, Chennai",Bad
Q de Kock,"MA Chidambaram Stadium, Chennai",Bad
R Ashwin,"MA Chidambaram Stadium, Chennai",Poor
R Parag,"MA Chidambaram Stadium, Chennai",Average
R Powell,"MA Chidambaram Stadium, Chennai",Bad
R Ravindra,"MA Chidambaram Stadium, Chennai",Good
R Tewatia,"MA Chidambaram Stadium, Chennai",Bad
RA Jadeja,"MA Chidambaram Stadium, Chennai",Poor
RA Tripathi,"MA Chidambaram Stadium, Chennai",Average
RD Gaikwad,"MA Chidambaram Stadium, Chennai",Excellent
RG Sharma,"MA Chidambaram Stadium, Chennai",Bad
RK Singh,"MA Chidambaram Stadium, Chennai",Good
RM Patidar,"MA Chidambaram Stadium, Chennai",Bad
RR Rossouw,"MA Chidambaram Stadium, Chennai",Good
RV Patel,"MA Chidambaram Stadium, Chennai",Poor
Rahmanullah Gurbaz,"MA Chidambaram Stadium, Chennai",Average
Ramandeep Singh,"MA Chidambaram Stadium, Chennai",Poor
Rashid Khan,"MA Chidambaram Stadium, Chennai",Poor
Ravi Bishnoi,"MA Chidambaram Stadium, Chennai",Bad
S Dhawan,"MA Chidambaram Stadium, Chennai",Average
S Dube,"MA Chidambaram Stadium, Chennai",Average
SA Yadav,"MA Chidambaram Stadium, Chennai",Average
SB Dubey,"MA Chidambaram Stadium, Chennai",Bad
SH Johnson,"MA Chidambaram Stadium, Chennai",Bad
SM Curran,"MA Chidambaram Stadium, Chennai",Average
SO Hetmyer,"MA Chidambaram Stadium, Chennai",Poor
SP Narine,"MA Chidambaram Stadium, Chennai",Poor
SS Iyer,"MA Chidambaram Stadium, Chennai",Average
SV Samson,"MA Chidambaram Stadium, Chennai",Bad
Sameer Rizvi,"MA Chidambaram Stadium, Chennai",Poor
Shahbaz Ahmed,"MA Chidambaram Stadium, Chennai",Poor
Shashank Singh,"MA Chidambaram Stadium, Chennai",Average
Shubman Gill,"MA Chidambaram Stadium, Chennai",Average
Sikandar Raza,"MA Chidambaram Stadium, Chennai",Poor
T Kohler-Cadmore,"MA Chidambaram Stadium, Chennai",Poor
T Stubbs,"MA Chidambaram Stadium, Chennai",Average
TA Boult,"MA Chidambaram Stadium, Chennai",Bad
TH David,"MA Chidambaram Stadium, Chennai",Bad
TM Head,"MA Chidambaram Stadium, Chennai",Poor
TU Deshpande,"MA Chidambaram Stadium, Chennai",Bad
Tilak Varma,"MA Chidambaram Stadium, Chennai",Average
UT Yadav,"MA Chidambaram Stadium, Chennai",Poor
V Kohli,"MA Chidambaram Stadium, Chennai",Average
V Shankar,"MA Chidambaram Stadium, Chennai",Poor
VG Arora,"MA Chidambaram Stadium, Chennai",Bad
VR Iyer,"MA Chidambaram Stadium, Chennai",Average
WP Saha,"MA Chidambaram Stadium, Chennai",Poor
Washington Sundar,"MA Chidambaram Stadium, Chennai",Bad
YBK Jaiswal,"MA Chidambaram Stadium, Chennai",Average
AK Markram,Maharaja Yadavindra Singh International Cricket St (Mullanpur),Bad
AR Patel,Maharaja Yadavindra Singh International Cricket St (Mullanpur),Average
Abdul Samad,Maharaja Yadavindra Singh International Cricket St (Mullanpur),Average
Abhishek Sharma,Maharaja Yadavindra Singh International Cricket St (Mullanpur),Poor
Abishek Porel,Maharaja Yadavindra Singh International Cricket St (Mullanpur),Good
Ashutosh Sharma,Maharaja Yadavindra Singh International Cricket St (Mullanpur),Good
Atharva Taide,Maharaja Yadavindra Singh International Cricket St (Mullanpur),Poor
Azmatullah Omarzai,Maharaja Yadavindra Singh International Cricket St (Mullanpur),Poor
B Kumar,Maharaja Yadavindra Singh International Cricket St (Mullanpur),Bad
B Sai Sudharsan,Maharaja Yadavindra Singh International Cricket St (Mullanpur),Good
DA Miller,Maharaja Yadavindra Singh International Cricket St (Mullanpur),Bad
DA Warner,Maharaja Yadavindra Singh International Cricket St (Mullanpur),Average
Dhruv Jurel,Maharaja Yadavindra Singh International Cricket St (Mullanpur),Bad
H Klaasen,Maharaja Yadavindra Singh International Cricket St (Mullanpur),Bad
HH Pandya,Maharaja Yadavindra Singh International Cricket St (Mullanpur),Poor
HV Patel,Maharaja Yadavindra Singh International Cricket St (Mullanpur),Bad
Harpreet Brar,Maharaja Yadavindra Singh International Cricket St (Mullanpur),Poor
Harpreet Singh,Maharaja Yadavindra Singh International Cricket St (Mullanpur),Poor
Ishan Kishan,Maharaja Yadavindra Singh International Cricket St (Mullanpur),Bad
JD Unadkat,Maharaja Yadavindra Singh International Cricket St (Mullanpur),Bad
JM Bairstow,Maharaja Yadavindra Singh International Cricket St (Mullanpur),Bad
JM Sharma,Maharaja Yadavindra Singh International Cricket St (Mullanpur),Average
K Rabada,Maharaja Yadavindra Singh International Cricket St (Mullanpur),Bad
KA Maharaj,Maharaja Yadavindra Singh International Cricket St (Mullanpur),Bad
Kuldeep Yadav,Maharaja Yadavindra Singh International Cricket St (Mullanpur),Bad
LS Livingstone,Maharaja Yadavindra Singh International Cricket St (Mullanpur),Poor
M Shahrukh Khan,Maharaja Yadavindra Singh International Cricket St (Mullanpur),Bad
MR Marsh,Maharaja Yadavindra Singh International Cricket St (Mullanpur),Average
Mohammad Nabi,Maharaja Yadavindra Singh International Cricket St (Mullanpur),Bad
Nithish Kumar Reddy,Maharaja Yadavindra Singh International Cricket St (Mullanpur),Excellent
P Simran Singh,Maharaja Yadavindra Singh International Cricket St (Mullanpur),Poor
PJ Cummins,Maharaja Yadavindra Singh International Cricket St (Mullanpur),Bad
R Parag,Maharaja Yadavindra Singh International Cricket St (Mullanpur),Average
R Powell,Maharaja Yadavindra Singh International Cricket St (Mullanpur),Poor
R Shepherd,Maharaja Yadavindra Singh International Cricket St (Mullanpur),Bad
R Tewatia,Maharaja Yadavindra Singh International Cricket St (Mullanpur),Good
RA Tripathi,Maharaja Yadavindra Singh International Cricket St (Mullanpur),Poor
RG Sharma,Maharaja Yadavindra Singh International Cricket St (Mullanpur),Good
RK Bhui,Maharaja Yadavindra Singh International Cricket St (Mullanpur),Bad
RR Pant,Maharaja Yadavindra Singh International Cricket St (Mullanpur),Poor
RR Rossouw,Maharaja Yadavindra Singh International Cricket St (Mullanpur),Bad
Rashid Khan,Maharaja Yadavindra Singh International Cricket St (Mullanpur),Bad
S Dhawan,Maharaja Yadavindra Singh International Cricket St (Mullanpur),Poor
SA Yadav,Maharaja Yadavindra Singh International Cricket St (Mullanpur),Excellent
SD Hope,Maharaja Yadavindra Singh International Cricket St (Mullanpur),Good
SM Curran,Maharaja Yadavindra Singh International Cricket St (Mullanpur),Average
SO Hetmyer,Maharaja Yadavindra Singh International Cricket St (Mullanpur),Average
SV Samson,Maharaja Yadavindra Singh International Cricket St (Mullanpur),Poor
Shahbaz Ahmed,Maharaja Yadavindra Singh International Cricket St (Mullanpur),Poor
Shashank Singh,Maharaja Yadavindra Singh International Cricket St (Mullanpur),Average
Shubman Gill,Maharaja Yadavindra Singh International Cricket St (Mullanpur),Good
Sikandar Raza,Maharaja Yadavindra Singh International Cricket St (Mullanpur),Average
Sumit Kumar,Maharaja Yadavindra Singh International Cricket St (Mullanpur),Bad
T Stubbs,Maharaja Yadavindra Singh International Cricket St (Mullanpur),Bad
TH David,Maharaja Yadavindra Singh International Cricket St (Mullanpur),Poor
TM Head,Maharaja Yadavindra Singh International Cricket St (Mullanpur),Average
Tanush Kotian,Maharaja Yadavindra Singh International Cricket St (Mullanpur),Average
Tilak Varma,Maharaja Yadavindra Singh International Cricket St (Mullanpur),Good
WP Saha,Maharaja Yadavindra Singh International Cricket St (Mullanpur),Poor
YBK Jaiswal,Maharaja Yadavindra Singh International Cricket St (Mullanpur),Good
A Badoni,"Maharashtra Cricket Association Stadium, Pune",Bad
A Manohar,"Maharashtra Cricket Association Stadium, Pune",Bad
AD Russell,"Maharashtra Cricket Association Stadium, Pune",Good
AJ Finch,"Maharashtra Cricket Association Stadium, Pune",Poor
AK Markram,"Maharashtra Cricket Association Stadium, Pune",Good
AM Rahane,"Maharashtra Cricket Association Stadium, Pune",Poor
AR Patel,"Maharashtra Cricket Association Stadium, Pune",Bad
AS Joseph,"Maharashtra Cricket Association Stadium, Pune",Bad
AS Roy,"Maharashtra Cricket Association Stadium, Pune",Bad
AT Rayudu,"Maharashtra Cricket Association Stadium, Pune",Average
Abdul Samad,"Maharashtra Cricket Association Stadium, Pune",Bad
Abhishek Sharma,"Maharashtra Cricket Association Stadium, Pune",Good
Anuj Rawat,"Maharashtra Cricket Association Stadium, Pune",Excellent
Arshdeep Singh,"Maharashtra Cricket Association Stadium, Pune",Bad
Avesh Khan,"Maharashtra Cricket Association Stadium, Pune",Bad
B Indrajith,"Maharashtra Cricket Association Stadium, Pune",Bad
B Kumar,"Maharashtra Cricket Association Stadium, Pune",Bad
D Brevis,"Maharashtra Cricket Association Stadium, Pune",Average
D Padikkal,"Maharashtra Cricket Association Stadium, Pune",Average
D Pretorius,"Maharashtra Cricket Association Stadium, Pune",Poor
DA Miller,"Maharashtra Cricket Association Stadium, Pune",Excellent
DJ Hooda,"Maharashtra Cricket Association Stadium, Pune",Good
DJ Mitchell,"Maharashtra Cricket Association Stadium, Pune",Poor
DP Conway,"Maharashtra Cricket Association Stadium, Pune",Excellent
F du Plessis,"Maharashtra Cricket Association Stadium, Pune",Average
GJ Maxwell,"Maharashtra Cricket Association Stadium, Pune",Bad
HH Pandya,"Maharashtra Cricket Association Stadium, Pune",Average
HV Patel,"Maharashtra Cricket Association Stadium, Pune",Bad
Harshit Rana,"Maharashtra Cricket Association Stadium, Pune",Bad
Ishan Kishan,"Maharashtra Cricket Association Stadium, Pune",Poor
JC Buttler,"Maharashtra Cricket Association Stadium, Pune",Average
JD Unadkat,"Maharashtra Cricket Association Stadium, Pune",Poor
JJ Bumrah,"Maharashtra Cricket Association Stadium, Pune",Bad
JM Bairstow,"Maharashtra Cricket Association Stadium, Pune",Average
JM Sharma,"Maharashtra Cricket Association Stadium, Pune",Poor
JO Holder,"Maharashtra Cricket Association Stadium, Pune",Bad
JR Hazlewood,"Maharashtra Cricket Association Stadium, Pune",Bad
K Rabada,"Maharashtra Cricket Association Stadium, Pune",Bad
KA Pollard,"Maharashtra Cricket Association Stadium, Pune",Poor
KD Karthik,"Maharashtra Cricket Association Stadium, Pune",Poor
KH Pandya,"Maharashtra Cricket Association Stadium, Pune",Poor
KK Ahmed,"Maharashtra Cricket Association Stadium, Pune",Bad
KL Rahul,"Maharashtra Cricket Association Stadium, Pune",Bad
KS Sharma,"Maharashtra Cricket Association Stadium, Pune",Bad
KS Williamson,"Maharashtra Cricket Association Stadium, Pune",Poor
Kuldeep Yadav,"Maharashtra Cricket Association Stadium, Pune",Poor
LS Livingstone,"Maharashtra Cricket Association Stadium, Pune",Poor
Lalit Yadav,"Maharashtra Cricket Association Stadium, Pune",Average
M Ashwin,"Maharashtra Cricket Association Stadium, Pune",Bad
M Jansen,"Maharashtra Cricket Association Stadium, Pune",Bad
M Prasidh Krishna,"Maharashtra Cricket Association Stadium, Pune",Bad
M Shahrukh Khan,"Maharashtra Cricket Association Stadium, Pune",Poor
M Theekshana,"Maharashtra Cricket Association Stadium, Pune",Bad
MA Agarwal,"Maharashtra Cricket Association Stadium, Pune",Good
MK Lomror,"Maharashtra Cricket Association Stadium, Pune",Excellent
MM Ali,"Maharashtra Cricket Association Stadium, Pune",Poor
MP Stoinis,"Maharashtra Cricket Association Stadium, Pune",Poor
MS Dhoni,"Maharashtra Cricket Association Stadium, Pune",Bad
MS Wade,"Maharashtra Cricket Association Stadium, Pune",Bad
Mandeep Singh,"Maharashtra Cricket Association Stadium, Pune",Poor
Mohammed Siraj,"Maharashtra Cricket Association Stadium, Pune",Bad
Mohsin Khan,"Maharashtra Cricket Association Stadium, Pune",Bad
Mustafizur Rahman,"Maharashtra Cricket Association Stadium, Pune",Bad
N Pooran,"Maharashtra Cricket Association Stadium, Pune",Average
N Rana,"Maharashtra Cricket Association Stadium, Pune",Poor
NM Coulter-Nile,"Maharashtra Cricket Association Stadium, Pune",Bad
OF Smith,"Maharashtra Cricket Association Stadium, Pune",Bad
PBB Rajapaksa,"Maharashtra Cricket Association Stadium, Pune",Bad
PJ Cummins,"Maharashtra Cricket Association Stadium, Pune",Excellent
PP Shaw,"Maharashtra Cricket Association Stadium, Pune",Poor
PVD Chameera,"Maharashtra Cricket Association Stadium, Pune",Bad
PWH de Silva,"Maharashtra Cricket Association Stadium, Pune",Bad
Q de Kock,"Maharashtra Cricket Association Stadium, Pune",Good
R Ashwin,"Maharashtra Cricket Association Stadium, Pune",Poor
R Dhawan,"Maharashtra Cricket Association Stadium, Pune",Average
R Parag,"Maharashtra Cricket Association Stadium, Pune",Good
R Powell,"Maharashtra Cricket Association Stadium, Pune",Average
R Shepherd,"Maharashtra Cricket Association Stadium, Pune",Average
R Tewatia,"Maharashtra Cricket Association Stadium, Pune",Poor
RA Jadeja,"Maharashtra Cricket Association Stadium, Pune",Bad
RA Tripathi,"Maharashtra Cricket Association Stadium, Pune",Bad
RD Chahar,"Maharashtra Cricket Association Stadium, Pune",Bad
RD Gaikwad,"Maharashtra Cricket Association Stadium, Pune",Excellent
RG Sharma,"Maharashtra Cricket Association Stadium, Pune",Poor
RK Singh,"Maharashtra Cricket Association Stadium, Pune",Bad
RM Patidar,"Maharashtra Cricket Association Stadium, Pune",Poor
RR Pant,"Maharashtra Cricket Association Stadium, Pune",Excellent
RV Uthappa,"Maharashtra Cricket Association Stadium, Pune",Bad
Ramandeep Singh,"Maharashtra Cricket Association Stadium, Pune",Bad
Rashid Khan,"Maharashtra Cricket Association Stadium, Pune",Average
S Dhawan,"Maharashtra Cricket Association Stadium, Pune",Good
S Dube,"Maharashtra Cricket Association Stadium, Pune",Poor
SA Yadav,"Maharashtra Cricket Association Stadium, Pune",Excellent
SN Thakur,"Maharashtra Cricket Association Stadium, Pune",Bad
SO Hetmyer,"Maharashtra Cricket Association Stadium, Pune",Poor
SP Narine,"Maharashtra Cricket Association Stadium, Pune",Poor
SS Iyer,"Maharashtra Cricket Association Stadium, Pune",Poor
SS Prabhudessai,"Maharashtra Cricket Association Stadium, Pune",Bad
SV Samson,"Maharashtra Cricket Association Stadium, Pune",Excellent
SW Billings,"Maharashtra Cricket Association Stadium, Pune",Average
Shahbaz Ahmed,"Maharashtra Cricket Association Stadium, Pune",Bad
Shashank Singh,"Maharashtra Cricket Association Stadium, Pune",Poor
Shivam Mavi,"Maharashtra Cricket Association Stadium, Pune",Bad
Shubman Gill,"Maharashtra Cricket Association Stadium, Pune",Excellent
Simarjeet Singh,"Maharashtra Cricket Association Stadium, Pune",Bad
TA Boult,"Maharashtra Cricket Association Stadium, Pune",Bad
TG Southee,"Maharashtra Cricket Association Stadium, Pune",Bad
TL Seifert,"Maharashtra Cricket Association Stadium, Pune",Bad
TS Mills,"Maharashtra Cricket Association Stadium, Pune",Bad
Tilak Varma,"Maharashtra Cricket Association Stadium, Pune",Average
Umran Malik,"Maharashtra Cricket Association Stadium, Pune",Bad
V Kohli,"Maharashtra Cricket Association Stadium, Pune",Average
V Shankar,"Maharashtra Cricket Association Stadium, Pune",Bad
VR Iyer,"Maharashtra Cricket Association Stadium, Pune",Average
WP Saha,"Maharashtra Cricket Association Stadium, Pune",Bad
Washington Sundar,"Maharashtra Cricket Association Stadium, Pune",Poor
YBK Jaiswal,"Maharashtra Cricket Association Stadium, Pune",Average
A Badoni,"Narendra Modi Stadium, Ahmedabad",Average
A Manohar,"Narendra Modi Stadium, Ahmedabad",Average
A Nortje,"Narendra Modi Stadium, Ahmedabad",Bad
AD Russell,"Narendra Modi Stadium, Ahmedabad",Bad
AK Markram,"Narendra Modi Stadium, Ahmedabad",Poor
AM Rahane,"Narendra Modi Stadium, Ahmedabad",Poor
AR Patel,"Narendra Modi Stadium, Ahmedabad",Average
AT Rayudu,"Narendra Modi Stadium, Ahmedabad",Poor
Abdul Samad,"Narendra Modi Stadium, Ahmedabad",Poor
Abhishek Sharma,"Narendra Modi Stadium, Ahmedabad",Poor
Abishek Porel,"Narendra Modi Stadium, Ahmedabad",Poor
Aman Hakim Khan,"Narendra Modi Stadium, Ahmedabad",Excellent
Anmolpreet Singh,"Narendra Modi Stadium, Ahmedabad",Bad
Arjun Tendulkar,"Narendra Modi Stadium, Ahmedabad",Poor
Ashutosh Sharma,"Narendra Modi Stadium, Ahmedabad",Good
Azmatullah Omarzai,"Narendra Modi Stadium, Ahmedabad",Poor
B Kumar,"Narendra Modi Stadium, Ahmedabad",Poor
B Sai Sudharsan,"Narendra Modi Stadium, Ahmedabad",Excellent
BA Stokes,"Narendra Modi Stadium, Ahmedabad",Bad
C Green,"Narendra Modi Stadium, Ahmedabad",Good
CJ Jordan,"Narendra Modi Stadium, Ahmedabad",Bad
D Brevis,"Narendra Modi Stadium, Ahmedabad",Excellent
D Padikkal,"Narendra Modi Stadium, Ahmedabad",Poor
DA Miller,"Narendra Modi Stadium, Ahmedabad",Average
DA Warner,"Narendra Modi Stadium, Ahmedabad",Bad
DJ Hooda,"Narendra Modi Stadium, Ahmedabad",Poor
DJ Mitchell,"Narendra Modi Stadium, Ahmedabad",Excellent
DP Conway,"Narendra Modi Stadium, Ahmedabad",Average
Dhruv Jurel,"Narendra Modi Stadium, Ahmedabad",Poor
F du Plessis,"Narendra Modi Stadium, Ahmedabad",Average
Fazalhaq Farooqi,"Narendra Modi Stadium, Ahmedabad",Bad
G Coetzee,"Narendra Modi Stadium, Ahmedabad",Bad
GJ Maxwell,"Narendra Modi Stadium, Ahmedabad",Poor
H Klaasen,"Narendra Modi Stadium, Ahmedabad",Excellent
HH Pandya,"Narendra Modi Stadium, Ahmedabad",Average
HV Patel,"Narendra Modi Stadium, Ahmedabad",Bad
Harpreet Brar,"Narendra Modi Stadium, Ahmedabad",Bad
Ishan Kishan,"Narendra Modi Stadium, Ahmedabad",Bad
J Fraser-McGurk,"Narendra Modi Stadium, Ahmedabad",Average
JC Buttler,"Narendra Modi Stadium, Ahmedabad",Excellent
JJ Bumrah,"Narendra Modi Stadium, Ahmedabad",Bad
JM Bairstow,"Narendra Modi Stadium, Ahmedabad",Average
JM Sharma,"Narendra Modi Stadium, Ahmedabad",Poor
JP Behrendorff,"Narendra Modi Stadium, Ahmedabad",Bad
JR Hazlewood,"Narendra Modi Stadium, Ahmedabad",Bad
K Kartikeya,"Narendra Modi Stadium, Ahmedabad",Bad
KD Karthik,"Narendra Modi Stadium, Ahmedabad",Bad
KH Pandya,"Narendra Modi Stadium, Ahmedabad",Bad
KR Mayers,"Narendra Modi Stadium, Ahmedabad",Excellent
KS Williamson,"Narendra Modi Stadium, Ahmedabad",Average
KV Sharma,"Narendra Modi Stadium, Ahmedabad",Bad
Kuldeep Yadav,"Narendra Modi Stadium, Ahmedabad",Bad
M Jansen,"Narendra Modi Stadium, Ahmedabad",Bad
M Markande,"Narendra Modi Stadium, Ahmedabad",Poor
M Shahrukh Khan,"Narendra Modi Stadium, Ahmedabad",Average
MA Agarwal,"Narendra Modi Stadium, Ahmedabad",Poor
MD Shanaka,"Narendra Modi Stadium, Ahmedabad",Bad
MJ Santner,"Narendra Modi Stadium, Ahmedabad",Bad
MK Lomror,"Narendra Modi Stadium, Ahmedabad",Average
MK Pandey,"Narendra Modi Stadium, Ahmedabad",Bad
MM Ali,"Narendra Modi Stadium, Ahmedabad",Good
MM Sharma,"Narendra Modi Stadium, Ahmedabad",Bad
MP Stoinis,"Narendra Modi Stadium, Ahmedabad",Bad
MS Dhoni,"Narendra Modi Stadium, Ahmedabad",Poor
MS Wade,"Narendra Modi Stadium, Ahmedabad",Bad
Mohammed Shami,"Narendra Modi Stadium, Ahmedabad",Bad
N Jagadeesan,"Narendra Modi Stadium, Ahmedabad",Bad
N Pooran,"Narendra Modi Stadium, Ahmedabad",Bad
N Rana,"Narendra Modi Stadium, Ahmedabad",Excellent
N Wadhera,"Narendra Modi Stadium, Ahmedabad",Average
Naman Dhir,"Narendra Modi Stadium, Ahmedabad",Average
Nithish Kumar Reddy,"Narendra Modi Stadium, Ahmedabad",Bad
Noor Ahmad,"Narendra Modi Stadium, Ahmedabad",Bad
OC McCoy,"Narendra Modi Stadium, Ahmedabad",Bad
P Simran Singh,"Narendra Modi Stadium, Ahmedabad",Good
PD Salt,"Narendra Modi Stadium, Ahmedabad",Bad
PJ Cummins,"Narendra Modi Stadium, Ahmedabad",Poor
PK Garg,"Narendra Modi Stadium, Ahmedabad",Poor
PP Chawla,"Narendra Modi Stadium, Ahmedabad",Bad
PP Shaw,"Narendra Modi Stadium, Ahmedabad",Bad
PWH de Silva,"Narendra Modi Stadium, Ahmedabad",Bad
Q de Kock,"Narendra Modi Stadium, Ahmedabad",Excellent
R Ashwin,"Narendra Modi Stadium, Ahmedabad",Bad
R Parag,"Narendra Modi Stadium, Ahmedabad",Poor
R Powell,"Narendra Modi Stadium, Ahmedabad",Poor
R Ravindra,"Narendra Modi Stadium, Ahmedabad",Bad
R Tewatia,"Narendra Modi Stadium, Ahmedabad",Poor
RA Jadeja,"Narendra Modi Stadium, Ahmedabad",Poor
RA Tripathi,"Narendra Modi Stadium, Ahmedabad",Average
RD Gaikwad,"Narendra Modi Stadium, Ahmedabad",Good
RG Sharma,"Narendra Modi Stadium, Ahmedabad",Poor
RK Singh,"Narendra Modi Stadium, Ahmedabad",Excellent
RM Patidar,"Narendra Modi Stadium, Ahmedabad",Excellent
RP Meredith,"Narendra Modi Stadium, Ahmedabad",Bad
RR Pant,"Narendra Modi Stadium, Ahmedabad",Poor
RR Rossouw,"Narendra Modi Stadium, Ahmedabad",Bad
RV Patel,"Narendra Modi Stadium, Ahmedabad",Average
Rahmanullah Gurbaz,"Narendra Modi Stadium, Ahmedabad",Poor
Rashid Khan,"Narendra Modi Stadium, Ahmedabad",Bad
Ravi Bishnoi,"Narendra Modi Stadium, Ahmedabad",Bad
S Dhawan,"Narendra Modi Stadium, Ahmedabad",Bad
S Dube,"Narendra Modi Stadium, Ahmedabad",Average
SA Yadav,"Narendra Modi Stadium, Ahmedabad",Excellent
SD Hope,"Narendra Modi Stadium, Ahmedabad",Poor
SH Johnson,"Narendra Modi Stadium, Ahmedabad",Bad
SM Curran,"Narendra Modi Stadium, Ahmedabad",Bad
SN Thakur,"Narendra Modi Stadium, Ahmedabad",Bad
SO Hetmyer,"Narendra Modi Stadium, Ahmedabad",Average
SP Narine,"Narendra Modi Stadium, Ahmedabad",Poor
SS Iyer,"Narendra Modi Stadium, Ahmedabad",Excellent
SV Samson,"Narendra Modi Stadium, Ahmedabad",Average
SZ Mulani,"Narendra Modi Stadium, Ahmedabad",Bad
Sanvir Singh,"Narendra Modi Stadium, Ahmedabad",Bad
Shahbaz Ahmed,"Narendra Modi Stadium, Ahmedabad",Poor
Shashank Singh,"Narendra Modi Stadium, Ahmedabad",Excellent
Shubman Gill,"Narendra Modi Stadium, Ahmedabad",Excellent
Sikandar Raza,"Narendra Modi Stadium, Ahmedabad",Poor
Sumit Kumar,"Narendra Modi Stadium, Ahmedabad",Bad
Swapnil Singh,"Narendra Modi Stadium, Ahmedabad",Bad
T Kohler-Cadmore,"Narendra Modi Stadium, Ahmedabad",Average
TA Boult,"Narendra Modi Stadium, Ahmedabad",Bad
TH David,"Narendra Modi Stadium, Ahmedabad",Bad
TM Head,"Narendra Modi Stadium, Ahmedabad",Bad
Tilak Varma,"Narendra Modi Stadium, Ahmedabad",Average
UT Yadav,"Narendra Modi Stadium, Ahmedabad",Bad
V Kohli,"Narendra Modi Stadium, Ahmedabad",Good
V Shankar,"Narendra Modi Stadium, Ahmedabad",Average
V Viyaskanth,"Narendra Modi Stadium, Ahmedabad",Bad
VR Iyer,"Narendra Modi Stadium, Ahmedabad",Excellent
Vishnu Vinod,"Narendra Modi Stadium, Ahmedabad",Bad
WG Jacks,"Narendra Modi Stadium, Ahmedabad",Excellent
WP Saha,"Narendra Modi Stadium, Ahmedabad",Poor
Washington Sundar,"Narendra Modi Stadium, Ahmedabad",Bad
YBK Jaiswal,"Narendra Modi Stadium, Ahmedabad",Average
A Badoni,"Punjab Cricket Association IS Bindra Stadium, Mohali",Excellent
AD Russell,"Punjab Cricket Association IS Bindra Stadium, Mohali",Good
AS Roy,"Punjab Cricket Association IS Bindra Stadium, Mohali",Bad
Arshdeep Singh,"Punjab Cricket Association IS Bindra Stadium, Mohali",Bad
Atharva Taide,"Punjab Cricket Association IS Bindra Stadium, Mohali",Good
B Sai Sudharsan,"Punjab Cricket Association IS Bindra Stadium, Mohali",Poor
C Green,"Punjab Cricket Association IS Bindra Stadium, Mohali",Average
DA Miller,"Punjab Cricket Association IS Bindra Stadium, Mohali",Poor
DJ Hooda,"Punjab Cricket Association IS Bindra Stadium, Mohali",Poor
F du Plessis,"Punjab Cricket Association IS Bindra Stadium, Mohali",Excellent
GJ Maxwell,"Punjab Cricket Association IS Bindra Stadium, Mohali",Bad
HH Pandya,"Punjab Cricket Association IS Bindra Stadium, Mohali",Bad
Harpreet Brar,"Punjab Cricket Association IS Bindra Stadium, Mohali",Poor
Harpreet Singh,"Punjab Cricket Association IS Bindra Stadium, Mohali",Poor
Ishan Kishan,"Punjab Cricket Association IS Bindra Stadium, Mohali",Excellent
JM Sharma,"Punjab Cricket Association IS Bindra Stadium, Mohali",Good
K Rabada,"Punjab Cricket Association IS Bindra Stadium, Mohali",Bad
KD Karthik,"Punjab Cricket Association IS Bindra Stadium, Mohali",Bad
KH Pandya,"Punjab Cricket Association IS Bindra Stadium, Mohali",Bad
KL Rahul,"Punjab Cricket Association IS Bindra Stadium, Mohali",Poor
KR Mayers,"Punjab Cricket Association IS Bindra Stadium, Mohali",Excellent
LS Livingstone,"Punjab Cricket Association IS Bindra Stadium, Mohali",Good
M Shahrukh Khan,"Punjab Cricket Association IS Bindra Stadium, Mohali",Poor
MK Lomror,"Punjab Cricket Association IS Bindra Stadium, Mohali",Bad
MP Stoinis,"Punjab Cricket Association IS Bindra Stadium, Mohali",Excellent
MW Short,"Punjab Cricket Association IS Bindra Stadium, Mohali",Average
Mandeep Singh,"Punjab Cricket Association IS Bindra Stadium, Mohali",Bad
N Pooran,"Punjab Cricket Association IS Bindra Stadium, Mohali",Excellent
N Rana,"Punjab Cricket Association IS Bindra Stadium, Mohali",Average
NT Ellis,"Punjab Cricket Association IS Bindra Stadium, Mohali",Bad
P Simran Singh,"Punjab Cricket Association IS Bindra Stadium, Mohali",Poor
PBB Rajapaksa,"Punjab Cricket Association IS Bindra Stadium, Mohali",Good
R Dhawan,"Punjab Cricket Association IS Bindra Stadium, Mohali",Bad
R Tewatia,"Punjab Cricket Association IS Bindra Stadium, Mohali",Bad
RD Chahar,"Punjab Cricket Association IS Bindra Stadium, Mohali",Bad
RG Sharma,"Punjab Cricket Association IS Bindra Stadium, Mohali",Bad
RK Singh,"Punjab Cricket Association IS Bindra Stadium, Mohali",Bad
Rahmanullah Gurbaz,"Punjab Cricket Association IS Bindra Stadium, Mohali",Average
S Dhawan,"Punjab Cricket Association IS Bindra Stadium, Mohali",Poor
SA Yadav,"Punjab Cricket Association IS Bindra Stadium, Mohali",Excellent
SM Curran,"Punjab Cricket Association IS Bindra Stadium, Mohali",Poor
SN Thakur,"Punjab Cricket Association IS Bindra Stadium, Mohali",Bad
SP Narine,"Punjab Cricket Association IS Bindra Stadium, Mohali",Bad
Shahbaz Ahmed,"Punjab Cricket Association IS Bindra Stadium, Mohali",Bad
Shubman Gill,"Punjab Cricket Association IS Bindra Stadium, Mohali",Excellent
Sikandar Raza,"Punjab Cricket Association IS Bindra Stadium, Mohali",Average
TH David,"Punjab Cricket Association IS Bindra Stadium, Mohali",Poor
Tilak Varma,"Punjab Cricket Association IS Bindra Stadium, Mohali",Average
V Kohli,"Punjab Cricket Association IS Bindra Stadium, Mohali",Excellent
VR Iyer,"Punjab Cricket Association IS Bindra Stadium, Mohali",Good
WP Saha,"Punjab Cricket Association IS Bindra Stadium, Mohali",Good
A Badoni,"Rajiv Gandhi International Stadium, Hyderabad",Excellent
A Nortje,"Rajiv Gandhi International Stadium, Hyderabad",Bad
AD Russell,"Rajiv Gandhi International Stadium, Hyderabad",Average
AK Markram,"Rajiv Gandhi International Stadium, Hyderabad",Average
AM Rahane,"Rajiv Gandhi International Stadium, Hyderabad",Good
AR Patel,"Rajiv Gandhi International Stadium, Hyderabad",Good
AS Roy,"Rajiv Gandhi International Stadium, Hyderabad",Poor
AU Rashid,"Rajiv Gandhi International Stadium, Hyderabad",Poor
Abdul Samad,"Rajiv Gandhi International Stadium, Hyderabad",Average
Abhishek Sharma,"Rajiv Gandhi International Stadium, Hyderabad",Average
Aman Hakim Khan,"Rajiv Gandhi International Stadium, Hyderabad",Bad
Anmolpreet Singh,"Rajiv Gandhi International Stadium, Hyderabad",Average
Ashutosh Sharma,"Rajiv Gandhi International Stadium, Hyderabad",Bad
Atharva Taide,"Rajiv Gandhi International Stadium, Hyderabad",Excellent
B Kumar,"Rajiv Gandhi International Stadium, Hyderabad",Bad
C Green,"Rajiv Gandhi International Stadium, Hyderabad",Excellent
D Padikkal,"Rajiv Gandhi International Stadium, Hyderabad",Bad
DA Warner,"Rajiv Gandhi International Stadium, Hyderabad",Average
DJ Mitchell,"Rajiv Gandhi International Stadium, Hyderabad",Poor
Dhruv Jurel,"Rajiv Gandhi International Stadium, Hyderabad",Bad
F du Plessis,"Rajiv Gandhi International Stadium, Hyderabad",Excellent
GD Phillips,"Rajiv Gandhi International Stadium, Hyderabad",Bad
GJ Maxwell,"Rajiv Gandhi International Stadium, Hyderabad",Bad
H Klaasen,"Rajiv Gandhi International Stadium, Hyderabad",Excellent
HC Brook,"Rajiv Gandhi International Stadium, Hyderabad",Poor
HH Pandya,"Rajiv Gandhi International Stadium, Hyderabad",Average
Harpreet Brar,"Rajiv Gandhi International Stadium, Hyderabad",Bad
Harshit Rana,"Rajiv Gandhi International Stadium, Hyderabad",Bad
I Sharma,"Rajiv Gandhi International Stadium, Hyderabad",Bad
Ishan Kishan,"Rajiv Gandhi International Stadium, Hyderabad",Good
JC Buttler,"Rajiv Gandhi International Stadium, Hyderabad",Average
JD Unadkat,"Rajiv Gandhi International Stadium, Hyderabad",Bad
JJ Roy,"Rajiv Gandhi International Stadium, Hyderabad",Average
JM Sharma,"Rajiv Gandhi International Stadium, Hyderabad",Poor
KD Karthik,"Rajiv Gandhi International Stadium, Hyderabad",Poor
KH Pandya,"Rajiv Gandhi International Stadium, Hyderabad",Average
KL Rahul,"Rajiv Gandhi International Stadium, Hyderabad",Average
KR Mayers,"Rajiv Gandhi International Stadium, Hyderabad",Bad
Kuldeep Yadav,"Rajiv Gandhi International Stadium, Hyderabad",Bad
M Jansen,"Rajiv Gandhi International Stadium, Hyderabad",Bad
M Markande,"Rajiv Gandhi International Stadium, Hyderabad",Bad
M Shahrukh Khan,"Rajiv Gandhi International Stadium, Hyderabad",Bad
MA Agarwal,"Rajiv Gandhi International Stadium, Hyderabad",Average
MG Bracewell,"Rajiv Gandhi International Stadium, Hyderabad",Bad
MK Lomror,"Rajiv Gandhi International Stadium, Hyderabad",Bad
MK Pandey,"Rajiv Gandhi International Stadium, Hyderabad",Good
MP Stoinis,"Rajiv Gandhi International Stadium, Hyderabad",Average
MR Marsh,"Rajiv Gandhi International Stadium, Hyderabad",Average
MS Dhoni,"Rajiv Gandhi International Stadium, Hyderabad",Bad
MW Short,"Rajiv Gandhi International Stadium, Hyderabad",Bad
Mohit Rathee,"Rajiv Gandhi International Stadium, Hyderabad",Bad
N Pooran,"Rajiv Gandhi International Stadium, Hyderabad",Excellent
N Rana,"Rajiv Gandhi International Stadium, Hyderabad",Excellent
NT Ellis,"Rajiv Gandhi International Stadium, Hyderabad",Bad
Naman Dhir,"Rajiv Gandhi International Stadium, Hyderabad",Good
Nithish Kumar Reddy,"Rajiv Gandhi International Stadium, Hyderabad",Good
P Simran Singh,"Rajiv Gandhi International Stadium, Hyderabad",Good
PD Salt,"Rajiv Gandhi International Stadium, Hyderabad",Bad
PJ Cummins,"Rajiv Gandhi International Stadium, Hyderabad",Good
PN Mankad,"Rajiv Gandhi International Stadium, Hyderabad",Excellent
Q de Kock,"Rajiv Gandhi International Stadium, Hyderabad",Poor
R Ashwin,"Rajiv Gandhi International Stadium, Hyderabad",Bad
R Parag,"Rajiv Gandhi International Stadium, Hyderabad",Excellent
R Powell,"Rajiv Gandhi International Stadium, Hyderabad",Average
R Ravindra,"Rajiv Gandhi International Stadium, Hyderabad",Poor
R Shepherd,"Rajiv Gandhi International Stadium, Hyderabad",Poor
RA Jadeja,"Rajiv Gandhi International Stadium, Hyderabad",Good
RA Tripathi,"Rajiv Gandhi International Stadium, Hyderabad",Average
RD Chahar,"Rajiv Gandhi International Stadium, Hyderabad",Bad
RD Gaikwad,"Rajiv Gandhi International Stadium, Hyderabad",Average
RG Sharma,"Rajiv Gandhi International Stadium, Hyderabad",Average
RK Singh,"Rajiv Gandhi International Stadium, Hyderabad",Excellent
RM Patidar,"Rajiv Gandhi International Stadium, Hyderabad",Excellent
RR Rossouw,"Rajiv Gandhi International Stadium, Hyderabad",Excellent
RV Patel,"Rajiv Gandhi International Stadium, Hyderabad",Bad
Rahmanullah Gurbaz,"Rajiv Gandhi International Stadium, Hyderabad",Bad
S Dhawan,"Rajiv Gandhi International Stadium, Hyderabad",Excellent
S Dube,"Rajiv Gandhi International Stadium, Hyderabad",Excellent
SA Yadav,"Rajiv Gandhi International Stadium, Hyderabad",Bad
SM Curran,"Rajiv Gandhi International Stadium, Hyderabad",Average
SN Khan,"Rajiv Gandhi International Stadium, Hyderabad",Poor
SN Thakur,"Rajiv Gandhi International Stadium, Hyderabad",Bad
SO Hetmyer,"Rajiv Gandhi International Stadium, Hyderabad",Poor
SP Narine,"Rajiv Gandhi International Stadium, Hyderabad",Bad
SV Samson,"Rajiv Gandhi International Stadium, Hyderabad",Average
Sanvir Singh,"Rajiv Gandhi International Stadium, Hyderabad",Bad
Shahbaz Ahmed,"Rajiv Gandhi International Stadium, Hyderabad",Average
Shashank Singh,"Rajiv Gandhi International Stadium, Hyderabad",Bad
Shivam Singh,"Rajiv Gandhi International Stadium, Hyderabad",Bad
Sikandar Raza,"Rajiv Gandhi International Stadium, Hyderabad",Bad
Swapnil Singh,"Rajiv Gandhi International Stadium, Hyderabad",Poor
TH David,"Rajiv Gandhi International Stadium, Hyderabad",Average
TM Head,"Rajiv Gandhi International Stadium, Hyderabad",Excellent
Tilak Varma,"Rajiv Gandhi International Stadium, Hyderabad",Excellent
Umran Malik,"Rajiv Gandhi International Stadium, Hyderabad",Poor
V Kohli,"Rajiv Gandhi International Stadium, Hyderabad",Excellent
VG Arora,"Rajiv Gandhi International Stadium, Hyderabad",Bad
VR Iyer,"Rajiv Gandhi International Stadium, Hyderabad",Bad
WG Jacks,"Rajiv Gandhi International Stadium, Hyderabad",Bad
Washington Sundar,"Rajiv Gandhi International Stadium, Hyderabad",Poor
YBK Jaiswal,"Rajiv Gandhi International Stadium, Hyderabad",Excellent
A Badoni,"Sawai Mansingh Stadium, Jaipur",Bad
A Manohar,"Sawai Mansingh Stadium, Jaipur",Bad
A Zampa,"Sawai Mansingh Stadium, Jaipur",Bad
AK Markram,"Sawai Mansingh Stadium, Jaipur",Bad
AM Rahane,"Sawai Mansingh Stadium, Jaipur",Poor
AR Patel,"Sawai Mansingh Stadium, Jaipur",Poor
AT Rayudu,"Sawai Mansingh Stadium, Jaipur",Bad
Abdul Samad,"Sawai Mansingh Stadium, Jaipur",Poor
Abhishek Sharma,"Sawai Mansingh Stadium, Jaipur",Excellent
Abishek Porel,"Sawai Mansingh Stadium, Jaipur",Bad
Anmolpreet Singh,"Sawai Mansingh Stadium, Jaipur",Good
Anuj Rawat,"Sawai Mansingh Stadium, Jaipur",Average
B Sai Sudharsan,"Sawai Mansingh Stadium, Jaipur",Good
C Green,"Sawai Mansingh Stadium, Jaipur",Bad
D Padikkal,"Sawai Mansingh Stadium, Jaipur",Poor
DA Warner,"Sawai Mansingh Stadium, Jaipur",Excellent
DJ Hooda,"Sawai Mansingh Stadium, Jaipur",Poor
DP Conway,"Sawai Mansingh Stadium, Jaipur",Bad
Dhruv Jurel,"Sawai Mansingh Stadium, Jaipur",Poor
F du Plessis,"Sawai Mansingh Stadium, Jaipur",Excellent
G Coetzee,"Sawai Mansingh Stadium, Jaipur",Bad
GD Phillips,"Sawai Mansingh Stadium, Jaipur",Average
GJ Maxwell,"Sawai Mansingh Stadium, Jaipur",Average
H Klaasen,"Sawai Mansingh Stadium, Jaipur",Average
HH Pandya,"Sawai Mansingh Stadium, Jaipur",Average
Ishan Kishan,"Sawai Mansingh Stadium, Jaipur",Bad
JC Buttler,"Sawai Mansingh Stadium, Jaipur",Good
JE Root,"Sawai Mansingh Stadium, Jaipur",Poor
JJ Bumrah,"Sawai Mansingh Stadium, Jaipur",Bad
KD Karthik,"Sawai Mansingh Stadium, Jaipur",Bad
KH Pandya,"Sawai Mansingh Stadium, Jaipur",Bad
KL Rahul,"Sawai Mansingh Stadium, Jaipur",Excellent
KM Asif,"Sawai Mansingh Stadium, Jaipur",Bad
KR Mayers,"Sawai Mansingh Stadium, Jaipur",Excellent
M Jansen,"Sawai Mansingh Stadium, Jaipur",Bad
M Shahrukh Khan,"Sawai Mansingh Stadium, Jaipur",Poor
MG Bracewell,"Sawai Mansingh Stadium, Jaipur",Bad
MK Lomror,"Sawai Mansingh Stadium, Jaipur",Bad
MM Ali,"Sawai Mansingh Stadium, Jaipur",Average
MP Stoinis,"Sawai Mansingh Stadium, Jaipur",Poor
MR Marsh,"Sawai Mansingh Stadium, Jaipur",Average
MS Wade,"Sawai Mansingh Stadium, Jaipur",Bad
Mohammad Nabi,"Sawai Mansingh Stadium, Jaipur",Average
N Pooran,"Sawai Mansingh Stadium, Jaipur",Excellent
N Wadhera,"Sawai Mansingh Stadium, Jaipur",Excellent
PP Chawla,"Sawai Mansingh Stadium, Jaipur",Bad
Q de Kock,"Sawai Mansingh Stadium, Jaipur",Bad
R Ashwin,"Sawai Mansingh Stadium, Jaipur",Bad
R Parag,"Sawai Mansingh Stadium, Jaipur",Good
R Tewatia,"Sawai Mansingh Stadium, Jaipur",Average
RA Jadeja,"Sawai Mansingh Stadium, Jaipur",Average
RA Tripathi,"Sawai Mansingh Stadium, Jaipur",Excellent
RD Gaikwad,"Sawai Mansingh Stadium, Jaipur",Excellent
RG Sharma,"Sawai Mansingh Stadium, Jaipur",Bad
RK Bhui,"Sawai Mansingh Stadium, Jaipur",Bad
RR Pant,"Sawai Mansingh Stadium, Jaipur",Average
Rashid Khan,"Sawai Mansingh Stadium, Jaipur",Average
S Dube,"Sawai Mansingh Stadium, Jaipur",Excellent
SA Yadav,"Sawai Mansingh Stadium, Jaipur",Poor
SO Hetmyer,"Sawai Mansingh Stadium, Jaipur",Poor
SV Samson,"Sawai Mansingh Stadium, Jaipur",Good
Sandeep Sharma,"Sawai Mansingh Stadium, Jaipur",Bad
Saurav Chauhan,"Sawai Mansingh Stadium, Jaipur",Bad
Shubman Gill,"Sawai Mansingh Stadium, Jaipur",Excellent
T Stubbs,"Sawai Mansingh Stadium, Jaipur",Excellent
TA Boult,"Sawai Mansingh Stadium, Jaipur",Poor
TH David,"Sawai Mansingh Stadium, Jaipur",Bad
Tilak Varma,"Sawai Mansingh Stadium, Jaipur",Excellent
V Kohli,"Sawai Mansingh Stadium, Jaipur",Excellent
V Shankar,"Sawai Mansingh Stadium, Jaipur",Poor
WP Saha,"Sawai Mansingh Stadium, Jaipur",Excellent
YBK Jaiswal,"Sawai Mansingh Stadium, Jaipur",Good
Yudhvir Singh,"Sawai Mansingh Stadium, Jaipur",Bad
A Badoni,"Wankhede Stadium, Mumbai",Average
A Manohar,"Wankhede Stadium, Mumbai",Bad
A Raghuvanshi,"Wankhede Stadium, Mumbai",Poor
AD Russell,"Wankhede Stadium, Mumbai",Average
AJ Finch,"Wankhede Stadium, Mumbai",Bad
AK Markram,"Wankhede Stadium, Mumbai",Average
AM Rahane,"Wankhede Stadium, Mumbai",Good
AR Patel,"Wankhede Stadium, Mumbai",Poor
AS Joseph,"Wankhede Stadium, Mumbai",Bad
AT Rayudu,"Wankhede Stadium, Mumbai",Good
Abdul Samad,"Wankhede Stadium, Mumbai",Bad
Abhishek Sharma,"Wankhede Stadium, Mumbai",Average
Abishek Porel,"Wankhede Stadium, Mumbai",Excellent
Akash Deep,"Wankhede Stadium, Mumbai",Bad
Akash Madhwal,"Wankhede Stadium, Mumbai",Bad
Anuj Rawat,"Wankhede Stadium, Mumbai",Poor
Arshad Khan,"Wankhede Stadium, Mumbai",Bad
Arshdeep Singh,"Wankhede Stadium, Mumbai",Bad
Atharva Taide,"Wankhede Stadium, Mumbai",Average
Avesh Khan,"Wankhede Stadium, Mumbai",Bad
B Indrajith,"Wankhede Stadium, Mumbai",Poor
B Kumar,"Wankhede Stadium, Mumbai",Bad
C Green,"Wankhede Stadium, Mumbai",Good
D Brevis,"Wankhede Stadium, Mumbai",Poor
D Padikkal,"Wankhede Stadium, Mumbai",Average
D Pretorius,"Wankhede Stadium, Mumbai",Bad
DA Miller,"Wankhede Stadium, Mumbai",Average
DA Warner,"Wankhede Stadium, Mumbai",Average
DJ Bravo,"Wankhede Stadium, Mumbai",Poor
DJ Hooda,"Wankhede Stadium, Mumbai",Good
DJ Mitchell,"Wankhede Stadium, Mumbai",Poor
DJ Willey,"Wankhede Stadium, Mumbai",Bad
DP Conway,"Wankhede Stadium, Mumbai",Bad
DR Sams,"Wankhede Stadium, Mumbai",Bad
Dhruv Jurel,"Wankhede Stadium, Mumbai",Bad
E Lewis,"Wankhede Stadium, Mumbai",Poor
F du Plessis,"Wankhede Stadium, Mumbai",Excellent
Fazalhaq Farooqi,"Wankhede Stadium, Mumbai",Bad
G Coetzee,"Wankhede Stadium, Mumbai",Bad
GD Phillips,"Wankhede Stadium, Mumbai",Bad
GJ Maxwell,"Wankhede Stadium, Mumbai",Good
H Klaasen,"Wankhede Stadium, Mumbai",Poor
HC Brook,"Wankhede Stadium, Mumbai",Bad
HE van der Dussen,"Wankhede Stadium, Mumbai",Bad
HH Pandya,"Wankhede Stadium, Mumbai",Average
HR Shokeen,"Wankhede Stadium, Mumbai",Poor
HV Patel,"Wankhede Stadium, Mumbai",Bad
Harpreet Brar,"Wankhede Stadium, Mumbai",Bad
Harpreet Singh,"Wankhede Stadium, Mumbai",Excellent
Harshit Rana,"Wankhede Stadium, Mumbai",Bad
Ishan Kishan,"Wankhede Stadium, Mumbai",Average
J Suchith,"Wankhede Stadium, Mumbai",Bad
JA Richardson,"Wankhede Stadium, Mumbai",Bad
JC Archer,"Wankhede Stadium, Mumbai",Bad
JC Buttler,"Wankhede Stadium, Mumbai",Excellent
JD Unadkat,"Wankhede Stadium, Mumbai",Bad
JJ Bumrah,"Wankhede Stadium, Mumbai",Bad
JM Bairstow,"Wankhede Stadium, Mumbai",Average
JM Sharma,"Wankhede Stadium, Mumbai",Average
JO Holder,"Wankhede Stadium, Mumbai",Bad
K Gowtham,"Wankhede Stadium, Mumbai",Bad
K Rabada,"Wankhede Stadium, Mumbai",Average
KA Pollard,"Wankhede Stadium, Mumbai",Poor
KD Karthik,"Wankhede Stadium, Mumbai",Good
KH Pandya,"Wankhede Stadium, Mumbai",Poor
KK Nair,"Wankhede Stadium, Mumbai",Poor
KL Rahul,"Wankhede Stadium, Mumbai",Excellent
KM Jadhav,"Wankhede Stadium, Mumbai",Poor
KS Williamson,"Wankhede Stadium, Mumbai",Bad
Kartik Tyagi,"Wankhede Stadium, Mumbai",Bad
Kuldeep Yadav,"Wankhede Stadium, Mumbai",Bad
Kumar Kushagra,"Wankhede Stadium, Mumbai",Bad
LS Livingstone,"Wankhede Stadium, Mumbai",Average
Lalit Yadav,"Wankhede Stadium, Mumbai",Poor
M Jansen,"Wankhede Stadium, Mumbai",Poor
M Shahrukh Khan,"Wankhede Stadium, Mumbai",Bad
M Theekshana,"Wankhede Stadium, Mumbai",Bad
MA Agarwal,"Wankhede Stadium, Mumbai",Average
MA Starc,"Wankhede Stadium, Mumbai",Bad
MJ Santner,"Wankhede Stadium, Mumbai",Bad
MK Lomror,"Wankhede Stadium, Mumbai",Bad
MK Pandey,"Wankhede Stadium, Mumbai",Average
MM Ali,"Wankhede Stadium, Mumbai",Poor
MP Stoinis,"Wankhede Stadium, Mumbai",Average
MR Marsh,"Wankhede Stadium, Mumbai",Poor
MS Dhoni,"Wankhede Stadium, Mumbai",Average
MS Wade,"Wankhede Stadium, Mumbai",Average
MW Short,"Wankhede Stadium, Mumbai",Poor
Mohammad Nabi,"Wankhede Stadium, Mumbai",Bad
Mukesh Choudhary,"Wankhede Stadium, Mumbai",Bad
N Jagadeesan,"Wankhede Stadium, Mumbai",Poor
N Pooran,"Wankhede Stadium, Mumbai",Average
N Rana,"Wankhede Stadium, Mumbai",Average
N Wadhera,"Wankhede Stadium, Mumbai",Poor
Naman Dhir,"Wankhede Stadium, Mumbai",Poor
Nithish Kumar Reddy,"Wankhede Stadium, Mumbai",Average
Noor Ahmad,"Wankhede Stadium, Mumbai",Bad
OF Smith,"Wankhede Stadium, Mumbai",Bad
P Simran Singh,"Wankhede Stadium, Mumbai",Average
PBB Rajapaksa,"Wankhede Stadium, Mumbai",Good
PD Salt,"Wankhede Stadium, Mumbai",Bad
PJ Cummins,"Wankhede Stadium, Mumbai",Good
PK Garg,"Wankhede Stadium, Mumbai",Average
PN Mankad,"Wankhede Stadium, Mumbai",Bad
PP Chawla,"Wankhede Stadium, Mumbai",Bad
PP Shaw,"Wankhede Stadium, Mumbai",Average
PVD Chameera,"Wankhede Stadium, Mumbai",Bad
PWH de Silva,"Wankhede Stadium, Mumbai",Poor
Q de Kock,"Wankhede Stadium, Mumbai",Poor
R Ashwin,"Wankhede Stadium, Mumbai",Poor
R Dhawan,"Wankhede Stadium, Mumbai",Bad
R Parag,"Wankhede Stadium, Mumbai",Average
R Powell,"Wankhede Stadium, Mumbai",Average
R Ravindra,"Wankhede Stadium, Mumbai",Average
R Sanjay Yadav,"Wankhede Stadium, Mumbai",Bad
R Shepherd,"Wankhede Stadium, Mumbai",Poor
R Tewatia,"Wankhede Stadium, Mumbai",Average
RA Bawa,"Wankhede Stadium, Mumbai",Poor
RA Jadeja,"Wankhede Stadium, Mumbai",Average
RA Tripathi,"Wankhede Stadium, Mumbai",Excellent
RD Chahar,"Wankhede Stadium, Mumbai",Bad
RD Gaikwad,"Wankhede Stadium, Mumbai",Good
RG Sharma,"Wankhede Stadium, Mumbai",Good
RK Singh,"Wankhede Stadium, Mumbai",Average
RM Patidar,"Wankhede Stadium, Mumbai",Excellent
RR Pant,"Wankhede Stadium, Mumbai",Average
RV Uthappa,"Wankhede Stadium, Mumbai",Poor
Rahmanullah Gurbaz,"Wankhede Stadium, Mumbai",Bad
Ramandeep Singh,"Wankhede Stadium, Mumbai",Bad
Rashid Khan,"Wankhede Stadium, Mumbai",Excellent
S Dhawan,"Wankhede Stadium, Mumbai",Good
S Dube,"Wankhede Stadium, Mumbai",Poor
SA Yadav,"Wankhede Stadium, Mumbai",Excellent
SB Dubey,"Wankhede Stadium, Mumbai",Bad
SE Rutherford,"Wankhede Stadium, Mumbai",Bad
SM Curran,"Wankhede Stadium, Mumbai",Excellent
SN Khan,"Wankhede Stadium, Mumbai",Bad
SN Thakur,"Wankhede Stadium, Mumbai",Bad
SO Hetmyer,"Wankhede Stadium, Mumbai",Average
SP Jackson,"Wankhede Stadium, Mumbai",Bad
SP Narine,"Wankhede Stadium, Mumbai",Bad
SS Iyer,"Wankhede Stadium, Mumbai",Average
SS Prabhudessai,"Wankhede Stadium, Mumbai",Bad
SV Samson,"Wankhede Stadium, Mumbai",Average
SW Billings,"Wankhede Stadium, Mumbai",Average
Sanvir Singh,"Wankhede Stadium, Mumbai",Bad
Saurav Chauhan,"Wankhede Stadium, Mumbai",Bad
Shahbaz Ahmed,"Wankhede Stadium, Mumbai",Average
Shashank Singh,"Wankhede Stadium, Mumbai",Poor
Shubman Gill,"Wankhede Stadium, Mumbai",Bad
Simarjeet Singh,"Wankhede Stadium, Mumbai",Bad
T Stubbs,"Wankhede Stadium, Mumbai",Poor
TA Boult,"Wankhede Stadium, Mumbai",Bad
TG Southee,"Wankhede Stadium, Mumbai",Bad
TH David,"Wankhede Stadium, Mumbai",Average
TM Head,"Wankhede Stadium, Mumbai",Excellent
Tilak Varma,"Wankhede Stadium, Mumbai",Average
UT Yadav,"Wankhede Stadium, Mumbai",Bad
Umran Malik,"Wankhede Stadium, Mumbai",Bad
V Kohli,"Wankhede Stadium, Mumbai",Poor
V Shankar,"Wankhede Stadium, Mumbai",Poor
VR Iyer,"Wankhede Stadium, Mumbai",Good
Vijaykumar Vyshak,"Wankhede Stadium, Mumbai",Bad
Vishnu Vinod,"Wankhede Stadium, Mumbai",Good
Vivrant Sharma,"Wankhede Stadium, Mumbai",Excellent
WG Jacks,"Wankhede Stadium, Mumbai",Bad
WP Saha,"Wankhede Stadium, Mumbai",Excellent
Washington Sundar,"Wankhede Stadium, Mumbai",Poor
YBK Jaiswal,"Wankhede Stadium, Mumbai",Excellent
